{
	"credit": "Made with Blockbench",
	"ambientocclusion": false,
	"textures": {
		"0": "block/allium",
		"particle": "block/allium"
	},
	"elements": [
		{
			"from": [7, 10, 7],
			"to": [10, 13, 10],
			"faces": {
				"north": {"uv": [7, 2, 10, 7], "texture": "#0"},
				"east": {"uv": [10, 2, 7, 7], "texture": "#0"},
				"south": {"uv": [7, 2, 10, 7], "texture": "#0"},
				"west": {"uv": [10, 2, 7, 7], "texture": "#0"},
				"up": {"uv": [9, 4, 10, 5], "texture": "#0"},
				"down": {"uv": [8, 5, 9, 6], "texture": "#0"}
			}
		},
		{
			"from": [11, 10, 6],
			"to": [11, 14, 11],
			"rotation": {"angle": -22.5, "axis": "z", "origin": [11, 12, 8.5]},
			"faces": {
				"north": {"uv": [9, 5, 10, 6], "texture": "#0"},
				"east": {"uv": [9, 5, 10, 6], "rotation": 180, "texture": "#0"},
				"south": {"uv": [9, 5, 10, 6], "texture": "#0"},
				"west": {"uv": [9, 5, 10, 6], "rotation": 180, "texture": "#0"},
				"up": {"uv": [9, 5, 10, 6], "rotation": 180, "texture": "#0"},
				"down": {"uv": [9, 5, 10, 6], "rotation": 180, "texture": "#0"}
			}
		},
		{
			"from": [7, 9, 7],
			"to": [10, 10, 10],
			"faces": {
				"north": {"uv": [7, 7, 10, 8], "texture": "#0"},
				"east": {"uv": [7, 7, 10, 8], "texture": "#0"},
				"south": {"uv": [7, 7, 10, 8], "texture": "#0"},
				"west": {"uv": [7, 7, 10, 8], "texture": "#0"},
				"up": {"uv": [8, 6, 9, 7], "texture": "#0"},
				"down": {"uv": [8, 13, 9, 14], "texture": "#0"}
			}
		},
		{
			"from": [8, 0, 8],
			"to": [9, 9, 9],
			"faces": {
				"north": {"uv": [8, 7, 9, 16], "texture": "#0"},
				"east": {"uv": [8, 7, 9, 16], "texture": "#0"},
				"south": {"uv": [8, 7, 9, 16], "texture": "#0"},
				"west": {"uv": [8, 7, 9, 16], "texture": "#0"},
				"up": {"uv": [7, 15, 8, 16], "texture": "#0"},
				"down": {"uv": [8, 15, 9, 16], "texture": "#0"}
			}
		},
		{
			"from": [7, 7, 10],
			"to": [10, 7, 13],
			"rotation": {"angle": -22.5, "axis": "x", "origin": [8, 7, 10]},
			"faces": {
				"north": {"uv": [8, 11, 9, 12], "texture": "#0"},
				"east": {"uv": [8, 10, 9, 11], "texture": "#0"},
				"south": {"uv": [8, 10, 9, 11], "texture": "#0"},
				"west": {"uv": [10, 12, 12, 13], "texture": "#0"},
				"up": {"uv": [7, 11, 5, 9], "texture": "#0"},
				"down": {"uv": [10, 11, 12, 13], "texture": "#0"}
			}
		},
		{
			"from": [8, 6, 9],
			"to": [9, 7, 10],
			"faces": {
				"north": {"uv": [8, 11, 9, 12], "texture": "#0"},
				"east": {"uv": [9, 12, 10, 13], "texture": "#0"},
				"south": {"uv": [8, 11, 9, 12], "texture": "#0"},
				"west": {"uv": [9, 12, 10, 13], "texture": "#0"},
				"up": {"uv": [9, 12, 10, 13], "texture": "#0"},
				"down": {"uv": [9, 12, 10, 13], "texture": "#0"}
			}
		},
		{
			"from": [7, 0, 8],
			"to": [8, 1, 9],
			"faces": {
				"north": {"uv": [8, 15, 9, 16], "texture": "#0"},
				"south": {"uv": [8, 15, 9, 16], "texture": "#0"},
				"west": {"uv": [8, 15, 9, 16], "texture": "#0"},
				"up": {"uv": [8, 15, 9, 16], "texture": "#0"},
				"down": {"uv": [8, 15, 9, 16], "texture": "#0"}
			}
		},
		{
			"from": [7, 6, 4],
			"to": [10, 6, 7],
			"rotation": {"angle": 22.5, "axis": "x", "origin": [8, 6, 7]},
			"faces": {
				"north": {"uv": [8, 10, 9, 11], "texture": "#0"},
				"east": {"uv": [10, 12, 12, 13], "texture": "#0"},
				"south": {"uv": [8, 10, 9, 11], "texture": "#0"},
				"west": {"uv": [8, 10, 9, 11], "texture": "#0"},
				"up": {"uv": [12, 11, 10, 13], "texture": "#0"},
				"down": {"uv": [5, 11, 7, 9], "texture": "#0"}
			}
		},
		{
			"from": [8, 5, 7],
			"to": [9, 6, 8],
			"faces": {
				"north": {"uv": [8, 11, 9, 12], "texture": "#0"},
				"east": {"uv": [9, 12, 10, 13], "texture": "#0"},
				"south": {"uv": [8, 11, 9, 12], "texture": "#0"},
				"west": {"uv": [9, 12, 10, 13], "texture": "#0"},
				"up": {"uv": [9, 12, 10, 13], "texture": "#0"},
				"down": {"uv": [9, 12, 10, 13], "texture": "#0"}
			}
		},
		{
			"from": [10, 5, 7],
			"to": [13, 5, 10],
			"rotation": {"angle": 22.5, "axis": "z", "origin": [10, 5, 8]},
			"faces": {
				"north": {"uv": [8, 11, 9, 12], "texture": "#0"},
				"east": {"uv": [8, 10, 9, 11], "texture": "#0"},
				"south": {"uv": [10, 12, 12, 13], "texture": "#0"},
				"west": {"uv": [8, 10, 9, 11], "texture": "#0"},
				"up": {"uv": [10, 11, 12, 13], "texture": "#0"},
				"down": {"uv": [10, 13, 12, 11], "texture": "#0"}
			}
		},
		{
			"from": [9, 4, 8],
			"to": [10, 5, 9],
			"faces": {
				"north": {"uv": [9, 12, 10, 13], "texture": "#0"},
				"east": {"uv": [8, 9, 9, 10], "texture": "#0"},
				"south": {"uv": [9, 12, 10, 13], "texture": "#0"},
				"west": {"uv": [8, 11, 9, 12], "texture": "#0"},
				"up": {"uv": [9, 12, 10, 13], "texture": "#0"},
				"down": {"uv": [9, 12, 10, 13], "texture": "#0"}
			}
		},
		{
			"from": [4, 4, 7],
			"to": [7, 4, 10],
			"rotation": {"angle": -22.5, "axis": "z", "origin": [7, 4, 8]},
			"faces": {
				"north": {"uv": [10, 12, 12, 13], "texture": "#0"},
				"east": {"uv": [8, 10, 9, 11], "texture": "#0"},
				"south": {"uv": [8, 10, 9, 11], "texture": "#0"},
				"west": {"uv": [8, 10, 9, 11], "texture": "#0"},
				"up": {"uv": [5, 11, 7, 9], "texture": "#0"},
				"down": {"uv": [5, 9, 7, 11], "texture": "#0"}
			}
		},
		{
			"from": [7, 3, 8],
			"to": [8, 4, 9],
			"faces": {
				"north": {"uv": [9, 12, 10, 13], "texture": "#0"},
				"east": {"uv": [8, 9, 9, 10], "texture": "#0"},
				"south": {"uv": [9, 12, 10, 13], "texture": "#0"},
				"west": {"uv": [8, 11, 9, 12], "texture": "#0"},
				"up": {"uv": [9, 12, 10, 13], "texture": "#0"},
				"down": {"uv": [9, 12, 10, 13], "texture": "#0"}
			}
		},
		{
			"from": [8, 0, 9],
			"to": [9, 1, 10],
			"faces": {
				"east": {"uv": [8, 15, 9, 16], "texture": "#0"},
				"south": {"uv": [8, 15, 9, 16], "texture": "#0"},
				"west": {"uv": [8, 15, 9, 16], "texture": "#0"},
				"up": {"uv": [8, 15, 9, 16], "texture": "#0"},
				"down": {"uv": [8, 15, 9, 16], "texture": "#0"}
			}
		},
		{
			"from": [9, 0, 8],
			"to": [10, 1, 9],
			"faces": {
				"north": {"uv": [8, 15, 9, 16], "texture": "#0"},
				"east": {"uv": [8, 15, 9, 16], "texture": "#0"},
				"south": {"uv": [8, 15, 9, 16], "texture": "#0"},
				"up": {"uv": [8, 15, 9, 16], "texture": "#0"},
				"down": {"uv": [8, 15, 9, 16], "texture": "#0"}
			}
		},
		{
			"from": [8, 0, 7],
			"to": [9, 1, 8],
			"faces": {
				"north": {"uv": [8, 15, 9, 16], "texture": "#0"},
				"east": {"uv": [8, 15, 9, 16], "texture": "#0"},
				"west": {"uv": [8, 15, 9, 16], "texture": "#0"},
				"up": {"uv": [8, 15, 9, 16], "texture": "#0"},
				"down": {"uv": [8, 15, 9, 16], "texture": "#0"}
			}
		},
		{
			"from": [6, 10, 6],
			"to": [6, 14, 11],
			"rotation": {"angle": 22.5, "axis": "z", "origin": [6, 12.5, 9.5]},
			"faces": {
				"north": {"uv": [6, 3, 9, 6], "texture": "#0"},
				"east": {"uv": [9, 5, 10, 6], "texture": "#0"},
				"south": {"uv": [6, 3, 9, 6], "texture": "#0"},
				"west": {"uv": [9, 5, 10, 6], "texture": "#0"},
				"up": {"uv": [6, 3, 9, 6], "texture": "#0"},
				"down": {"uv": [6, 3, 9, 6], "texture": "#0"}
			}
		},
		{
			"from": [6, 10, 11],
			"to": [11, 14, 11],
			"rotation": {"angle": 22.5, "axis": "x", "origin": [8.5, 12, 11]},
			"faces": {
				"north": {"uv": [9, 5, 10, 6], "texture": "#0"},
				"east": {"uv": [6, 3, 9, 6], "texture": "#0"},
				"south": {"uv": [9, 5, 10, 6], "texture": "#0"},
				"west": {"uv": [6, 3, 9, 6], "texture": "#0"},
				"up": {"uv": [6, 3, 9, 6], "texture": "#0"},
				"down": {"uv": [6, 3, 9, 6], "texture": "#0"}
			}
		},
		{
			"from": [6, 10, 6],
			"to": [11, 14, 6],
			"rotation": {"angle": -22.5, "axis": "x", "origin": [8.5, 12, 6]},
			"faces": {
				"north": {"uv": [9, 5, 10, 6], "texture": "#0"},
				"east": {"uv": [6, 3, 9, 6], "texture": "#0"},
				"south": {"uv": [9, 5, 10, 6], "texture": "#0"},
				"west": {"uv": [6, 3, 9, 6], "texture": "#0"},
				"up": {"uv": [6, 3, 9, 6], "texture": "#0"},
				"down": {"uv": [6, 3, 9, 6], "texture": "#0"}
			}
		},
		{
			"from": [7, 10, 7],
			"to": [10, 15, 7],
			"rotation": {"angle": -22.5, "axis": "x", "origin": [8.5, 11, 7]},
			"faces": {
				"north": {"uv": [8, 5, 9, 6], "texture": "#0"},
				"east": {"uv": [6, 3, 9, 6], "texture": "#0"},
				"south": {"uv": [8, 5, 9, 6], "texture": "#0"},
				"west": {"uv": [6, 3, 9, 6], "texture": "#0"},
				"up": {"uv": [6, 3, 9, 6], "texture": "#0"},
				"down": {"uv": [6, 3, 9, 6], "texture": "#0"}
			}
		},
		{
			"from": [10, 10, 7],
			"to": [10, 15, 10],
			"rotation": {"angle": -22.5, "axis": "z", "origin": [10, 11, 8]},
			"faces": {
				"north": {"uv": [8, 5, 9, 6], "texture": "#0"},
				"east": {"uv": [6, 3, 9, 6], "texture": "#0"},
				"south": {"uv": [8, 5, 9, 6], "texture": "#0"},
				"west": {"uv": [6, 3, 9, 6], "texture": "#0"},
				"up": {"uv": [6, 3, 9, 6], "texture": "#0"},
				"down": {"uv": [6, 3, 9, 6], "texture": "#0"}
			}
		},
		{
			"from": [7, 10, 10],
			"to": [10, 15, 10],
			"rotation": {"angle": 22.5, "axis": "x", "origin": [8.5, 11, 10]},
			"faces": {
				"north": {"uv": [8, 5, 9, 6], "texture": "#0"},
				"east": {"uv": [6, 3, 9, 6], "texture": "#0"},
				"south": {"uv": [8, 5, 9, 6], "texture": "#0"},
				"west": {"uv": [6, 3, 9, 6], "texture": "#0"},
				"up": {"uv": [6, 3, 9, 6], "texture": "#0"},
				"down": {"uv": [6, 3, 9, 6], "texture": "#0"}
			}
		},
		{
			"from": [7, 10, 7],
			"to": [7, 15, 10],
			"rotation": {"angle": 22.5, "axis": "z", "origin": [7, 11, 8]},
			"faces": {
				"north": {"uv": [8, 5, 9, 6], "texture": "#0"},
				"east": {"uv": [6, 3, 9, 6], "texture": "#0"},
				"south": {"uv": [8, 5, 9, 6], "texture": "#0"},
				"west": {"uv": [6, 3, 9, 6], "texture": "#0"},
				"up": {"uv": [6, 3, 9, 6], "texture": "#0"},
				"down": {"uv": [6, 3, 9, 6], "texture": "#0"}
			}
		},
		{
			"from": [9, 11, 7],
			"to": [9, 15, 10],
			"rotation": {"angle": -22.5, "axis": "z", "origin": [10, 11, 8]},
			"faces": {
				"north": {"uv": [8, 5, 9, 6], "texture": "#0"},
				"east": {"uv": [9, 4, 10, 5], "texture": "#0"},
				"south": {"uv": [8, 5, 9, 6], "texture": "#0"},
				"west": {"uv": [9, 4, 10, 5], "texture": "#0"},
				"up": {"uv": [6, 3, 9, 6], "texture": "#0"},
				"down": {"uv": [6, 3, 9, 6], "texture": "#0"}
			}
		},
		{
			"from": [8, 11, 7],
			"to": [8, 15, 10],
			"rotation": {"angle": 22.5, "axis": "z", "origin": [7, 11, 8]},
			"faces": {
				"north": {"uv": [8, 5, 9, 6], "texture": "#0"},
				"east": {"uv": [9, 4, 10, 5], "texture": "#0"},
				"south": {"uv": [8, 5, 9, 6], "texture": "#0"},
				"west": {"uv": [9, 4, 10, 5], "texture": "#0"},
				"up": {"uv": [6, 3, 9, 6], "texture": "#0"},
				"down": {"uv": [6, 3, 9, 6], "texture": "#0"}
			}
		},
		{
			"from": [7, 10, 8],
			"to": [10, 15, 8],
			"rotation": {"angle": -22.5, "axis": "x", "origin": [8.5, 11, 7]},
			"faces": {
				"north": {"uv": [9, 4, 10, 5], "texture": "#0"},
				"east": {"uv": [6, 3, 9, 6], "texture": "#0"},
				"south": {"uv": [9, 4, 10, 5], "texture": "#0"},
				"west": {"uv": [6, 3, 9, 6], "texture": "#0"},
				"up": {"uv": [6, 3, 9, 6], "texture": "#0"},
				"down": {"uv": [6, 3, 9, 6], "texture": "#0"}
			}
		},
		{
			"from": [7, 10, 9],
			"to": [10, 15, 9],
			"rotation": {"angle": 22.5, "axis": "x", "origin": [8.5, 11, 10]},
			"faces": {
				"north": {"uv": [9, 4, 10, 5], "texture": "#0"},
				"east": {"uv": [6, 3, 9, 6], "texture": "#0"},
				"south": {"uv": [9, 4, 10, 5], "texture": "#0"},
				"west": {"uv": [6, 3, 9, 6], "texture": "#0"},
				"up": {"uv": [6, 3, 9, 6], "texture": "#0"},
				"down": {"uv": [6, 3, 9, 6], "texture": "#0"}
			}
		}
	],
	"groups": [0, 1, 2, 3, 4, 5, 6, 7, 8, 9, 10, 11, 12, 13, 14, 15, 16, 17, 18, 19, 20, 21, 22, 23, 24, 25, 26,
		{
			"name": "group",
			"children": []
		}
	]
}