{
	"credit": "Made with Blockbench",
	"ambientocclusion": false,
	"textures": {
		"0": "block/blue_orchid",
		"particle": "block/blue_orchid"
	},
	"elements": [
		{
			"from": [6, 9, 6],
			"to": [9, 12, 9],
			"faces": {
				"north": {"uv": [6, 4, 9, 7], "texture": "#0"},
				"east": {"uv": [6, 4, 9, 7], "texture": "#0"},
				"south": {"uv": [6, 4, 9, 7], "texture": "#0"},
				"west": {"uv": [6, 4, 9, 7], "texture": "#0"},
				"up": {"uv": [6, 4, 9, 7], "texture": "#0"},
				"down": {"uv": [6, 4, 9, 7], "texture": "#0"}
			}
		},
		{
			"from": [10, 4, 7],
			"to": [11, 6, 8],
			"faces": {
				"north": {"uv": [7, 7, 8, 9], "texture": "#0"},
				"east": {"uv": [7, 7, 8, 9], "texture": "#0"},
				"south": {"uv": [7, 7, 8, 9], "texture": "#0"},
				"west": {"uv": [7, 7, 8, 9], "texture": "#0"},
				"up": {"uv": [5, 9, 6, 10], "texture": "#0"},
				"down": {"uv": [9, 10, 10, 11], "texture": "#0"}
			}
		},
		{
			"from": [10, 8, 6],
			"to": [11, 9, 7],
			"faces": {
				"north": {"uv": [11, 6, 12, 7], "texture": "#0"},
				"east": {"uv": [11, 6, 12, 7], "texture": "#0"},
				"south": {"uv": [11, 6, 12, 7], "texture": "#0"},
				"west": {"uv": [11, 6, 12, 7], "texture": "#0"},
				"up": {"uv": [11, 6, 12, 7], "texture": "#0"},
				"down": {"uv": [0, 0, 0, 0], "texture": "#0"}
			}
		},
		{
			"from": [7, 0, 7],
			"to": [8, 9, 8],
			"faces": {
				"north": {"uv": [7, 7, 8, 16], "texture": "#0"},
				"east": {"uv": [7, 7, 8, 16], "texture": "#0"},
				"south": {"uv": [7, 7, 8, 16], "texture": "#0"},
				"west": {"uv": [7, 7, 8, 16], "texture": "#0"},
				"up": {"uv": [7, 15, 8, 16], "texture": "#0"},
				"down": {"uv": [8, 15, 9, 16], "texture": "#0"}
			}
		},
		{
			"from": [8, 4, 7],
			"to": [10, 5, 8],
			"faces": {
				"north": {"uv": [10, 10, 8, 11], "texture": "#0"},
				"east": {"uv": [11, 10, 12, 11], "texture": "#0"},
				"south": {"uv": [8, 10, 10, 11], "texture": "#0"},
				"west": {"uv": [10, 12, 11, 13], "texture": "#0"},
				"up": {"uv": [8, 10, 10, 11], "texture": "#0"},
				"down": {"uv": [8, 10, 10, 11], "texture": "#0"}
			}
		},
		{
			"from": [9, 6, 5],
			"to": [12, 8, 8],
			"faces": {
				"north": {"uv": [10, 7, 13, 9], "texture": "#0"},
				"east": {"uv": [10, 7, 13, 9], "texture": "#0"},
				"south": {"uv": [10, 7, 13, 9], "texture": "#0"},
				"west": {"uv": [10, 7, 13, 9], "texture": "#0"},
				"up": {"uv": [6, 4, 9, 7], "texture": "#0"},
				"down": {"uv": [6, 4, 9, 7], "texture": "#0"}
			}
		},
		{
			"from": [4, 5, 5],
			"to": [6, 7, 7],
			"faces": {
				"north": {"uv": [10, 7, 13, 9], "texture": "#0"},
				"east": {"uv": [10, 7, 13, 9], "texture": "#0"},
				"south": {"uv": [10, 7, 13, 9], "texture": "#0"},
				"west": {"uv": [10, 7, 13, 9], "texture": "#0"},
				"up": {"uv": [6, 4, 9, 7], "texture": "#0"},
				"down": {"uv": [6, 4, 9, 7], "texture": "#0"}
			}
		},
		{
			"from": [5, 4, 6],
			"to": [7, 5, 7],
			"faces": {
				"north": {"uv": [7, 12, 5, 13], "texture": "#0"},
				"east": {"uv": [11, 10, 12, 11], "texture": "#0"},
				"south": {"uv": [5, 12, 7, 13], "texture": "#0"},
				"west": {"uv": [5, 12, 6, 13], "texture": "#0"},
				"up": {"uv": [5, 12, 7, 13], "texture": "#0"},
				"down": {"uv": [5, 12, 7, 13], "texture": "#0"}
			}
		},
		{
			"from": [6, 4, 9],
			"to": [8, 6, 11],
			"faces": {
				"north": {"uv": [10, 7, 13, 9], "texture": "#0"},
				"east": {"uv": [10, 7, 13, 9], "texture": "#0"},
				"south": {"uv": [10, 7, 13, 9], "texture": "#0"},
				"west": {"uv": [10, 7, 13, 9], "texture": "#0"},
				"up": {"uv": [6, 4, 9, 7], "texture": "#0"},
				"down": {"uv": [6, 4, 9, 7], "texture": "#0"}
			}
		},
		{
			"from": [6, 3, 8],
			"to": [7, 4, 10],
			"faces": {
				"north": {"uv": [7, 12, 5, 13], "texture": "#0"},
				"east": {"uv": [8, 10, 10, 11], "texture": "#0"},
				"south": {"uv": [6, 12, 7, 13], "texture": "#0"},
				"west": {"uv": [8, 10, 10, 11], "texture": "#0"},
				"up": {"uv": [7, 7, 8, 9], "texture": "#0"},
				"down": {"uv": [7, 7, 8, 9], "texture": "#0"}
			}
		},
		{
			"from": [8, 0, 8],
			"to": [9, 2, 9],
			"faces": {
				"north": {"uv": [8, 14, 9, 16], "texture": "#0"},
				"east": {"uv": [8, 14, 9, 16], "texture": "#0"},
				"south": {"uv": [8, 14, 9, 16], "texture": "#0"},
				"west": {"uv": [8, 14, 9, 16], "texture": "#0"},
				"up": {"uv": [7, 10, 8, 11], "texture": "#0"},
				"down": {"uv": [9, 10, 10, 11], "texture": "#0"}
			}
		},
		{
			"from": [8, 0, 6],
			"to": [9, 2, 7],
			"faces": {
				"north": {"uv": [8, 14, 9, 16], "texture": "#0"},
				"east": {"uv": [8, 14, 9, 16], "texture": "#0"},
				"south": {"uv": [8, 14, 9, 16], "texture": "#0"},
				"west": {"uv": [8, 14, 9, 16], "texture": "#0"},
				"up": {"uv": [7, 10, 8, 11], "texture": "#0"},
				"down": {"uv": [9, 10, 10, 11], "texture": "#0"}
			}
		},
		{
			"from": [6, 0, 8],
			"to": [7, 2, 9],
			"faces": {
				"north": {"uv": [8, 14, 9, 16], "texture": "#0"},
				"east": {"uv": [8, 14, 9, 16], "texture": "#0"},
				"south": {"uv": [8, 14, 9, 16], "texture": "#0"},
				"west": {"uv": [8, 14, 9, 16], "texture": "#0"},
				"up": {"uv": [7, 10, 8, 11], "texture": "#0"},
				"down": {"uv": [9, 10, 10, 11], "texture": "#0"}
			}
		},
		{
			"from": [6, 0, 6],
			"to": [7, 2, 7],
			"faces": {
				"north": {"uv": [8, 14, 9, 16], "texture": "#0"},
				"east": {"uv": [8, 14, 9, 16], "texture": "#0"},
				"south": {"uv": [8, 14, 9, 16], "texture": "#0"},
				"west": {"uv": [8, 14, 9, 16], "texture": "#0"},
				"up": {"uv": [7, 10, 8, 11], "texture": "#0"},
				"down": {"uv": [9, 10, 10, 11], "texture": "#0"}
			}
		}
	]
}