{
	"credit": "Made with Blockbench",
	"parent": "block/cross",
	"textures": {
		"1": "block/cornflower",
		"particle": "block/cornflower"
	},
	"elements": [
		{
			"from": [7, 0, 8],
			"to": [8, 7, 9],
			"faces": {
				"north": {"uv": [7, 9, 8, 16], "texture": "#1"},
				"east": {"uv": [7, 9, 8, 16], "texture": "#1"},
				"south": {"uv": [7, 9, 8, 16], "texture": "#1"},
				"west": {"uv": [7, 9, 8, 16], "texture": "#1"},
				"up": {"uv": [0, 0, 2, 2], "texture": "#1"},
				"down": {"uv": [0, 0, 2, 2], "texture": "#1"}
			}
		},
		{
			"from": [9, 4, 7],
			"to": [12, 5, 10],
			"faces": {
				"north": {"uv": [9, 11, 11, 13], "texture": "#1"},
				"east": {"uv": [11, 11, 9, 13], "texture": "#1"},
				"south": {"uv": [9, 11, 11, 13], "texture": "#1"},
				"west": {"uv": [11, 11, 9, 13], "texture": "#1"},
				"up": {"uv": [9, 13, 11, 11], "texture": "#1"},
				"down": {"uv": [9, 11, 11, 12], "texture": "#1"}
			}
		},
		{
			"from": [5, 2, 8],
			"to": [7, 3, 9],
			"faces": {
				"north": {"uv": [6, 13, 8, 14], "texture": "#1"},
				"east": {"uv": [9, 11, 11, 12], "texture": "#1"},
				"south": {"uv": [6, 13, 8, 14], "texture": "#1"},
				"west": {"uv": [7, 13, 8, 14], "texture": "#1"},
				"up": {"uv": [6, 13, 8, 14], "texture": "#1"},
				"down": {"uv": [6, 13, 8, 14], "texture": "#1"}
			}
		},
		{
			"from": [6, 7, 7],
			"to": [9, 8, 10],
			"faces": {
				"north": {"uv": [6, 8, 9, 9], "texture": "#1"},
				"east": {"uv": [9, 8, 6, 9], "texture": "#1"},
				"south": {"uv": [6, 8, 9, 9], "texture": "#1"},
				"west": {"uv": [9, 8, 6, 9], "texture": "#1"},
				"up": {"uv": [7, 4, 9, 2], "texture": "#1"},
				"down": {"uv": [9, 11, 11, 12], "texture": "#1"}
			}
		},
		{
			"from": [4, 9, 5],
			"to": [7, 11, 8],
			"faces": {
				"north": {"uv": [4, 5, 6, 7], "texture": "#1"},
				"east": {"uv": [6, 5, 4, 7], "texture": "#1"},
				"south": {"uv": [4, 5, 6, 7], "texture": "#1"},
				"west": {"uv": [6, 5, 4, 7], "texture": "#1"},
				"up": {"uv": [4, 7, 6, 5], "texture": "#1"},
				"down": {"uv": [6, 7, 8, 8], "texture": "#1"}
			}
		},
		{
			"from": [5, 8, 6],
			"to": [10, 11, 11],
			"faces": {
				"north": {"uv": [5, 5, 10, 8], "texture": "#1"},
				"east": {"uv": [10, 5, 5, 8], "texture": "#1"},
				"south": {"uv": [5, 5, 10, 8], "texture": "#1"},
				"west": {"uv": [10, 5, 5, 8], "texture": "#1"},
				"up": {"uv": [7, 6, 8, 5], "texture": "#1"},
				"down": {"uv": [9, 11, 11, 12], "texture": "#1"}
			}
		},
		{
			"from": [4, 9, 9],
			"to": [7, 11, 12],
			"faces": {
				"north": {"uv": [4, 5, 6, 7], "texture": "#1"},
				"east": {"uv": [6, 5, 4, 7], "texture": "#1"},
				"south": {"uv": [4, 5, 6, 7], "texture": "#1"},
				"west": {"uv": [6, 5, 4, 7], "texture": "#1"},
				"up": {"uv": [4, 7, 6, 5], "texture": "#1"},
				"down": {"uv": [6, 7, 8, 8], "texture": "#1"}
			}
		},
		{
			"from": [8, 9, 9],
			"to": [11, 11, 12],
			"faces": {
				"north": {"uv": [4, 5, 6, 7], "texture": "#1"},
				"east": {"uv": [6, 5, 4, 7], "texture": "#1"},
				"south": {"uv": [4, 5, 6, 7], "texture": "#1"},
				"west": {"uv": [6, 5, 4, 7], "texture": "#1"},
				"up": {"uv": [4, 7, 6, 5], "texture": "#1"},
				"down": {"uv": [6, 7, 8, 8], "texture": "#1"}
			}
		},
		{
			"from": [8, 9, 5],
			"to": [11, 11, 8],
			"faces": {
				"north": {"uv": [4, 5, 6, 7], "texture": "#1"},
				"east": {"uv": [6, 5, 4, 7], "texture": "#1"},
				"south": {"uv": [4, 5, 6, 7], "texture": "#1"},
				"west": {"uv": [6, 5, 4, 7], "texture": "#1"},
				"up": {"uv": [4, 7, 6, 5], "texture": "#1"},
				"down": {"uv": [6, 7, 8, 8], "texture": "#1"}
			}
		},
		{
			"from": [5, 10, 6],
			"to": [6, 12, 8],
			"faces": {
				"north": {"uv": [6, 5, 7, 6], "texture": "#1"},
				"east": {"uv": [7, 5, 6, 6], "texture": "#1"},
				"south": {"uv": [6, 5, 7, 6], "texture": "#1"},
				"west": {"uv": [7, 5, 6, 6], "texture": "#1"},
				"up": {"uv": [6, 6, 7, 5], "texture": "#1"},
				"down": {"uv": [6, 7, 8, 8], "texture": "#1"}
			}
		},
		{
			"from": [5, 10, 9],
			"to": [6, 12, 11],
			"faces": {
				"north": {"uv": [6, 5, 7, 6], "texture": "#1"},
				"east": {"uv": [7, 5, 6, 6], "texture": "#1"},
				"south": {"uv": [6, 5, 7, 6], "texture": "#1"},
				"west": {"uv": [7, 5, 6, 6], "texture": "#1"},
				"up": {"uv": [6, 6, 7, 5], "texture": "#1"},
				"down": {"uv": [6, 7, 8, 8], "texture": "#1"}
			}
		},
		{
			"from": [8, 10, 10],
			"to": [10, 12, 11],
			"faces": {
				"north": {"uv": [6, 5, 7, 6], "texture": "#1"},
				"east": {"uv": [7, 5, 6, 6], "texture": "#1"},
				"south": {"uv": [6, 5, 7, 6], "texture": "#1"},
				"west": {"uv": [7, 5, 6, 6], "texture": "#1"},
				"up": {"uv": [6, 6, 7, 5], "texture": "#1"},
				"down": {"uv": [6, 7, 8, 8], "texture": "#1"}
			}
		},
		{
			"from": [9, 10, 6],
			"to": [10, 12, 8],
			"faces": {
				"north": {"uv": [6, 5, 7, 6], "texture": "#1"},
				"east": {"uv": [7, 5, 6, 6], "texture": "#1"},
				"south": {"uv": [6, 5, 7, 6], "texture": "#1"},
				"west": {"uv": [7, 5, 6, 6], "texture": "#1"},
				"up": {"uv": [6, 6, 7, 5], "texture": "#1"},
				"down": {"uv": [6, 7, 8, 8], "texture": "#1"}
			}
		},
		{
			"from": [3, 3, 7],
			"to": [6, 4, 10],
			"faces": {
				"north": {"uv": [9, 11, 11, 13], "texture": "#1"},
				"east": {"uv": [11, 11, 9, 13], "texture": "#1"},
				"south": {"uv": [9, 11, 11, 13], "texture": "#1"},
				"west": {"uv": [11, 11, 9, 13], "texture": "#1"},
				"up": {"uv": [9, 13, 11, 11], "texture": "#1"},
				"down": {"uv": [9, 11, 11, 12], "texture": "#1"}
			}
		},
		{
			"from": [8, 3, 8],
			"to": [10, 4, 9],
			"faces": {
				"north": {"uv": [6, 13, 8, 14], "texture": "#1"},
				"east": {"uv": [7, 13, 8, 14], "texture": "#1"},
				"south": {"uv": [6, 13, 8, 14], "texture": "#1"},
				"west": {"uv": [7, 13, 8, 14], "texture": "#1"},
				"up": {"uv": [6, 13, 8, 14], "texture": "#1"},
				"down": {"uv": [6, 13, 8, 14], "texture": "#1"}
			}
		},
		{
			"from": [6, 0, 7],
			"to": [9, 1, 10],
			"faces": {
				"north": {"uv": [6, 8, 9, 9], "texture": "#1"},
				"east": {"uv": [9, 8, 6, 9], "texture": "#1"},
				"south": {"uv": [6, 8, 9, 9], "texture": "#1"},
				"west": {"uv": [9, 8, 6, 9], "texture": "#1"},
				"up": {"uv": [7, 16, 8, 15], "texture": "#1"},
				"down": {"uv": [9, 11, 11, 12], "texture": "#1"}
			}
		},
		{
			"from": [7, 4, 9],
			"to": [8, 5, 11],
			"faces": {
				"north": {"uv": [6, 13, 8, 14], "texture": "#1"},
				"east": {"uv": [7, 13, 8, 14], "texture": "#1"},
				"south": {"uv": [6, 13, 8, 14], "texture": "#1"},
				"west": {"uv": [7, 13, 8, 14], "texture": "#1"},
				"up": {"uv": [6, 13, 8, 14], "texture": "#1"},
				"down": {"uv": [6, 13, 8, 14], "texture": "#1"}
			}
		},
		{
			"from": [6, 5, 10],
			"to": [9, 6, 13],
			"faces": {
				"north": {"uv": [9, 11, 11, 13], "texture": "#1"},
				"east": {"uv": [11, 11, 9, 13], "texture": "#1"},
				"south": {"uv": [9, 11, 11, 13], "texture": "#1"},
				"west": {"uv": [11, 11, 9, 13], "texture": "#1"},
				"up": {"uv": [9, 13, 11, 11], "texture": "#1"},
				"down": {"uv": [9, 11, 11, 12], "texture": "#1"}
			}
		},
		{
			"from": [7, 4, 6],
			"to": [8, 5, 8],
			"faces": {
				"north": {"uv": [6, 13, 8, 14], "texture": "#1"},
				"east": {"uv": [7, 13, 8, 14], "texture": "#1"},
				"south": {"uv": [6, 13, 8, 14], "texture": "#1"},
				"west": {"uv": [7, 13, 8, 14], "texture": "#1"},
				"up": {"uv": [6, 13, 8, 14], "texture": "#1"},
				"down": {"uv": [6, 13, 8, 14], "texture": "#1"}
			}
		},
		{
			"from": [6, 5, 4],
			"to": [9, 6, 7],
			"faces": {
				"north": {"uv": [9, 11, 11, 13], "texture": "#1"},
				"east": {"uv": [11, 11, 9, 13], "texture": "#1"},
				"south": {"uv": [9, 11, 11, 13], "texture": "#1"},
				"west": {"uv": [11, 11, 9, 13], "texture": "#1"},
				"up": {"uv": [9, 13, 11, 11], "texture": "#1"},
				"down": {"uv": [9, 11, 11, 12], "texture": "#1"}
			}
		},
		{
			"from": [8, 10, 6],
			"to": [9, 12, 7],
			"faces": {
				"north": {"uv": [6, 5, 7, 6], "texture": "#1"},
				"east": {"uv": [7, 5, 6, 6], "texture": "#1"},
				"south": {"uv": [6, 5, 7, 6], "texture": "#1"},
				"west": {"uv": [7, 5, 6, 6], "texture": "#1"},
				"up": {"uv": [6, 6, 7, 5], "texture": "#1"},
				"down": {"uv": [6, 7, 8, 8], "texture": "#1"}
			}
		},
		{
			"from": [9, 10, 9],
			"to": [10, 12, 10],
			"faces": {
				"north": {"uv": [6, 5, 7, 6], "texture": "#1"},
				"east": {"uv": [7, 5, 6, 6], "texture": "#1"},
				"south": {"uv": [6, 5, 7, 6], "texture": "#1"},
				"west": {"uv": [7, 5, 6, 6], "texture": "#1"},
				"up": {"uv": [6, 6, 7, 5], "texture": "#1"},
				"down": {"uv": [6, 7, 8, 8], "texture": "#1"}
			}
		},
		{
			"from": [6, 10, 10],
			"to": [7, 12, 11],
			"faces": {
				"north": {"uv": [6, 5, 7, 6], "texture": "#1"},
				"east": {"uv": [7, 5, 6, 6], "texture": "#1"},
				"south": {"uv": [6, 5, 7, 6], "texture": "#1"},
				"west": {"uv": [7, 5, 6, 6], "texture": "#1"},
				"up": {"uv": [6, 6, 7, 5], "texture": "#1"},
				"down": {"uv": [6, 7, 8, 8], "texture": "#1"}
			}
		},
		{
			"from": [6, 10, 6],
			"to": [7, 12, 7],
			"faces": {
				"north": {"uv": [6, 5, 7, 6], "texture": "#1"},
				"east": {"uv": [7, 5, 6, 6], "texture": "#1"},
				"south": {"uv": [6, 5, 7, 6], "texture": "#1"},
				"west": {"uv": [7, 5, 6, 6], "texture": "#1"},
				"up": {"uv": [6, 6, 7, 5], "texture": "#1"},
				"down": {"uv": [6, 7, 8, 8], "texture": "#1"}
			}
		},
		{
			"from": [6, 11, 7],
			"to": [9, 12, 10],
			"faces": {
				"north": {"uv": [7, 5, 8, 6], "texture": "#1"},
				"east": {"uv": [8, 5, 7, 6], "texture": "#1"},
				"south": {"uv": [7, 5, 8, 6], "texture": "#1"},
				"west": {"uv": [8, 5, 7, 6], "texture": "#1"},
				"up": {"uv": [7, 6, 8, 5], "texture": "#1"},
				"down": {"uv": [6, 7, 8, 8], "texture": "#1"}
			}
		}
	]
}