{
	"credit": "Made with Blockbench",
	"ambientocclusion": false,
	"textures": {
		"0": "block/dandelion",
		"particle": "block/dandelion"
	},
	"elements": [
		{
			"from": [8, 0, 7],
			"to": [9, 5, 8],
			"faces": {
				"north": {"uv": [7, 11, 9, 16], "texture": "#0"},
				"east": {"uv": [7, 11, 9, 16], "texture": "#0"},
				"south": {"uv": [7, 11, 9, 16], "texture": "#0"},
				"west": {"uv": [7, 11, 9, 16], "texture": "#0"},
				"up": {"uv": [7, 15, 8, 16], "texture": "#0"},
				"down": {"uv": [8, 15, 9, 16], "texture": "#0"}
			}
		},
		{
			"from": [9, 4, 5],
			"to": [12, 4, 8],
			"rotation": {"angle": 22.5, "axis": "z", "origin": [10, 4, 8]},
			"faces": {
				"up": {"uv": [5, 12, 6, 13], "texture": "#0"},
				"down": {"uv": [8, 13, 9, 14], "texture": "#0"}
			}
		},
		{
			"from": [7, 5, 6],
			"to": [10, 7, 9],
			"faces": {
				"north": {"uv": [9, 9, 10, 11], "texture": "#0"},
				"east": {"uv": [9, 9, 10, 11], "texture": "#0"},
				"south": {"uv": [9, 9, 10, 11], "texture": "#0"},
				"west": {"uv": [9, 9, 10, 11], "texture": "#0"},
				"up": {"uv": [9, 9, 10, 10], "texture": "#0"},
				"down": {"uv": [7, 10, 9, 11], "texture": "#0"}
			}
		},
		{
			"from": [5, 7, 6],
			"to": [7, 7, 9],
			"faces": {
				"north": {"uv": [9, 9, 10, 11], "texture": "#0"},
				"east": {"uv": [9, 9, 10, 11], "texture": "#0"},
				"south": {"uv": [9, 9, 10, 11], "texture": "#0"},
				"west": {"uv": [9, 9, 10, 11], "texture": "#0"},
				"up": {"uv": [9, 7, 10, 8], "texture": "#0"},
				"down": {"uv": [7, 9, 9, 10], "texture": "#0"}
			}
		},
		{
			"from": [7, 7, 9],
			"to": [10, 7, 11],
			"faces": {
				"north": {"uv": [9, 9, 10, 11], "texture": "#0"},
				"east": {"uv": [9, 9, 10, 11], "texture": "#0"},
				"south": {"uv": [9, 9, 10, 11], "texture": "#0"},
				"west": {"uv": [9, 9, 10, 11], "texture": "#0"},
				"up": {"uv": [9, 7, 10, 8], "texture": "#0"},
				"down": {"uv": [7, 9, 9, 10], "texture": "#0"}
			}
		},
		{
			"from": [7, 7, 4],
			"to": [10, 7, 6],
			"faces": {
				"north": {"uv": [9, 9, 10, 11], "texture": "#0"},
				"east": {"uv": [9, 9, 10, 11], "texture": "#0"},
				"south": {"uv": [9, 9, 10, 11], "texture": "#0"},
				"west": {"uv": [9, 9, 10, 11], "texture": "#0"},
				"up": {"uv": [9, 7, 10, 8], "texture": "#0"},
				"down": {"uv": [7, 9, 9, 10], "texture": "#0"}
			}
		},
		{
			"from": [10, 7, 6],
			"to": [12, 7, 9],
			"faces": {
				"north": {"uv": [9, 9, 10, 11], "texture": "#0"},
				"east": {"uv": [9, 9, 10, 11], "texture": "#0"},
				"south": {"uv": [9, 9, 10, 11], "texture": "#0"},
				"west": {"uv": [9, 9, 10, 11], "texture": "#0"},
				"up": {"uv": [9, 7, 10, 8], "texture": "#0"},
				"down": {"uv": [7, 9, 9, 10], "texture": "#0"}
			}
		},
		{
			"from": [6, 3, 4],
			"to": [9, 3, 7],
			"rotation": {"angle": 22.5, "axis": "x", "origin": [8, 3, 6]},
			"faces": {
				"up": {"uv": [7, 14, 8, 15], "texture": "#0"}
			}
		},
		{
			"from": [5, 4, 7],
			"to": [8, 4, 10],
			"rotation": {"angle": -22.5, "axis": "z", "origin": [6, 4, 8]},
			"faces": {
				"up": {"uv": [10, 13, 11, 14], "texture": "#0"},
				"down": {"uv": [8, 13, 9, 14], "texture": "#0"}
			}
		},
		{
			"from": [8, 3, 8],
			"to": [11, 3, 11],
			"rotation": {"angle": -22.5, "axis": "x", "origin": [8, 3, 10]},
			"faces": {
				"up": {"uv": [8, 12, 9, 13], "texture": "#0"},
				"down": {"uv": [8, 13, 9, 14], "texture": "#0"}
			}
		}
	]
}