{
	"credit": "Made with Blockbench",
	"ambientocclusion": false,
	"textures": {
		"0": "block/cobblestone",
		"1": "block/lever",
		"2": "block/redstone_torch_off",
		"particle": "block/lever"
	},
	"elements": [
		{
			"from": [7, 2, 5],
			"to": [9, 5, 7],
			"faces": {
				"north": {"uv": [8, 7, 9, 11], "texture": "#2"},
				"east": {"uv": [8, 7, 9, 11], "texture": "#2"},
				"south": {"uv": [8, 7, 9, 11], "texture": "#2"},
				"west": {"uv": [8, 7, 9, 11], "texture": "#2"},
				"up": {"uv": [7, 6, 9, 8], "texture": "#2"},
				"down": {"uv": [0, 0, 1, 1], "texture": "#1"}
			}
		},
		{
			"from": [9, 0, 4],
			"to": [11, 3, 12],
			"faces": {
				"north": {"uv": [8, 2, 9, 4], "texture": "#0"},
				"east": {"uv": [8, 2, 9, 4], "texture": "#0"},
				"south": {"uv": [8, 2, 9, 4], "texture": "#0"},
				"west": {"uv": [3, 4, 4, 5], "texture": "#0"},
				"up": {"uv": [2, 7, 4, 10], "texture": "#0"},
				"down": {"uv": [13, 3, 14, 4], "texture": "#0"}
			}
		},
		{
			"from": [5, 0, 4],
			"to": [7, 3, 12],
			"faces": {
				"north": {"uv": [8, 2, 9, 4], "texture": "#0"},
				"east": {"uv": [3, 4, 4, 5], "texture": "#0"},
				"south": {"uv": [8, 2, 9, 4], "texture": "#0"},
				"west": {"uv": [8, 2, 9, 4], "texture": "#0"},
				"up": {"uv": [4, 4, 5, 5], "texture": "#0"},
				"down": {"uv": [13, 3, 14, 4], "texture": "#0"}
			}
		},
		{
			"from": [7, 0, 4],
			"to": [9, 3, 5],
			"faces": {
				"north": {"uv": [8, 2, 9, 4], "texture": "#0"},
				"south": {"uv": [3, 4, 4, 5], "texture": "#0"},
				"up": {"uv": [4, 4, 5, 5], "texture": "#0"},
				"down": {"uv": [13, 3, 14, 4], "texture": "#0"}
			}
		},
		{
			"from": [7, 0, 11],
			"to": [9, 3, 12],
			"faces": {
				"north": {"uv": [3, 4, 4, 5], "texture": "#0"},
				"south": {"uv": [8, 2, 9, 4], "texture": "#0"},
				"up": {"uv": [4, 4, 5, 5], "texture": "#0"},
				"down": {"uv": [13, 3, 14, 4], "texture": "#0"}
			}
		},
		{
			"from": [7, 0, 5],
			"to": [9, 2, 11],
			"faces": {
				"up": {"uv": [8, 13, 9, 14], "texture": "#1"},
				"down": {"uv": [12, 3, 13, 4], "texture": "#0"}
			}
		}
	]
}