{
	"credit": "Made with Blockbench",
	"ambientocclusion": false,
	"textures": {
		"0": "block/poppy",
		"particle": "block/poppy"
	},
	"elements": [
		{
			"from": [7, 7, 7],
			"to": [10, 9, 10],
			"faces": {
				"north": {"uv": [7, 7, 10, 9], "texture": "#0"},
				"east": {"uv": [10, 7, 7, 9], "texture": "#0"},
				"south": {"uv": [7, 7, 10, 9], "texture": "#0"},
				"west": {"uv": [10, 7, 7, 9], "texture": "#0"},
				"up": {"uv": [9, 6, 10, 7], "texture": "#0"},
				"down": {"uv": [8, 8, 9, 9], "texture": "#0"}
			}
		},
		{
			"from": [6.5, 8, 7],
			"to": [10.5, 11, 7],
			"rotation": {"angle": -22.5, "axis": "x", "origin": [9, 8, 7]},
			"faces": {
				"north": {"uv": [9, 7, 10, 8], "texture": "#0"},
				"south": {"uv": [9, 7, 10, 8], "texture": "#0"}
			}
		},
		{
			"from": [8, 0, 8],
			"to": [9, 7, 9],
			"faces": {
				"north": {"uv": [8, 9, 9, 16], "texture": "#0"},
				"east": {"uv": [8, 9, 9, 16], "texture": "#0"},
				"south": {"uv": [8, 9, 9, 16], "texture": "#0"},
				"west": {"uv": [8, 9, 9, 16], "texture": "#0"},
				"up": {"uv": [7, 15, 8, 16], "texture": "#0"},
				"down": {"uv": [8, 15, 9, 16], "texture": "#0"}
			}
		},
		{
			"from": [7, 6, 10],
			"to": [10, 6, 13],
			"rotation": {"angle": -22.5, "axis": "x", "origin": [8, 6, 10]},
			"faces": {
				"up": {"uv": [7, 12, 5, 10], "texture": "#0"},
				"down": {"uv": [10, 12, 12, 14], "texture": "#0"}
			}
		},
		{
			"from": [7, 0, 8],
			"to": [8, 1, 9],
			"faces": {
				"north": {"uv": [8, 15, 9, 16], "texture": "#0"},
				"south": {"uv": [8, 15, 9, 16], "texture": "#0"},
				"west": {"uv": [8, 15, 9, 16], "texture": "#0"},
				"up": {"uv": [8, 15, 9, 16], "texture": "#0"},
				"down": {"uv": [8, 15, 9, 16], "texture": "#0"}
			}
		},
		{
			"from": [8, 5, 9],
			"to": [9, 6, 10],
			"faces": {
				"north": {"uv": [8, 14, 9, 15], "texture": "#0"},
				"east": {"uv": [8, 9, 9, 10], "texture": "#0"},
				"south": {"uv": [8, 14, 9, 15], "texture": "#0"},
				"west": {"uv": [8, 14, 9, 15], "texture": "#0"},
				"up": {"uv": [8, 14, 9, 15], "texture": "#0"},
				"down": {"uv": [8, 14, 9, 15], "texture": "#0"}
			}
		},
		{
			"from": [8, 0, 9],
			"to": [9, 1, 10],
			"faces": {
				"east": {"uv": [8, 15, 9, 16], "texture": "#0"},
				"south": {"uv": [8, 15, 9, 16], "texture": "#0"},
				"west": {"uv": [8, 15, 9, 16], "texture": "#0"},
				"up": {"uv": [8, 15, 9, 16], "texture": "#0"},
				"down": {"uv": [8, 15, 9, 16], "texture": "#0"}
			}
		},
		{
			"from": [9, 0, 8],
			"to": [10, 1, 9],
			"faces": {
				"north": {"uv": [8, 15, 9, 16], "texture": "#0"},
				"east": {"uv": [8, 15, 9, 16], "texture": "#0"},
				"south": {"uv": [8, 15, 9, 16], "texture": "#0"},
				"up": {"uv": [8, 15, 9, 16], "texture": "#0"},
				"down": {"uv": [8, 15, 9, 16], "texture": "#0"}
			}
		},
		{
			"from": [8, 0, 7],
			"to": [9, 1, 8],
			"faces": {
				"north": {"uv": [8, 15, 9, 16], "texture": "#0"},
				"east": {"uv": [8, 15, 9, 16], "texture": "#0"},
				"west": {"uv": [8, 15, 9, 16], "texture": "#0"},
				"up": {"uv": [8, 15, 9, 16], "texture": "#0"},
				"down": {"uv": [8, 15, 9, 16], "texture": "#0"}
			}
		},
		{
			"from": [7, 8, 6.5],
			"to": [7, 11, 10.5],
			"rotation": {"angle": 22.5, "axis": "z", "origin": [7, 8, 8]},
			"faces": {
				"east": {"uv": [9, 7, 10, 8], "texture": "#0"},
				"west": {"uv": [9, 7, 10, 8], "texture": "#0"}
			}
		},
		{
			"from": [8, 4, 7],
			"to": [9, 5, 8],
			"faces": {
				"north": {"uv": [8, 14, 9, 15], "texture": "#0"},
				"east": {"uv": [8, 9, 9, 10], "texture": "#0"},
				"south": {"uv": [8, 14, 9, 15], "texture": "#0"},
				"west": {"uv": [8, 14, 9, 15], "texture": "#0"},
				"up": {"uv": [8, 14, 9, 15], "texture": "#0"},
				"down": {"uv": [8, 14, 9, 15], "texture": "#0"}
			}
		},
		{
			"from": [7, 5, 4],
			"to": [10, 5, 7],
			"rotation": {"angle": 22.5, "axis": "x", "origin": [8, 5, 7]},
			"faces": {
				"up": {"uv": [7, 12, 5, 10], "texture": "#0"},
				"down": {"uv": [10, 12, 12, 14], "texture": "#0"}
			}
		},
		{
			"from": [9, 3, 8],
			"to": [10, 4, 9],
			"faces": {
				"north": {"uv": [8, 14, 9, 15], "texture": "#0"},
				"east": {"uv": [8, 9, 9, 10], "texture": "#0"},
				"south": {"uv": [8, 14, 9, 15], "texture": "#0"},
				"west": {"uv": [8, 14, 9, 15], "texture": "#0"},
				"up": {"uv": [8, 14, 9, 15], "texture": "#0"},
				"down": {"uv": [8, 14, 9, 15], "texture": "#0"}
			}
		},
		{
			"from": [10, 4, 7],
			"to": [13, 4, 10],
			"rotation": {"angle": 22.5, "axis": "z", "origin": [10, 4, 9]},
			"faces": {
				"up": {"uv": [7, 12, 5, 10], "texture": "#0"},
				"down": {"uv": [10, 12, 12, 14], "texture": "#0"}
			}
		},
		{
			"from": [7, 2, 8],
			"to": [8, 3, 9],
			"faces": {
				"north": {"uv": [8, 14, 9, 15], "texture": "#0"},
				"east": {"uv": [8, 9, 9, 10], "texture": "#0"},
				"south": {"uv": [8, 14, 9, 15], "texture": "#0"},
				"west": {"uv": [8, 14, 9, 15], "texture": "#0"},
				"up": {"uv": [8, 14, 9, 15], "texture": "#0"},
				"down": {"uv": [8, 14, 9, 15], "texture": "#0"}
			}
		},
		{
			"from": [4, 3, 7],
			"to": [7, 3, 10],
			"rotation": {"angle": -22.5, "axis": "z", "origin": [7, 3, 8]},
			"faces": {
				"up": {"uv": [12, 14, 10, 12], "texture": "#0"},
				"down": {"uv": [5, 10, 7, 12], "texture": "#0"}
			}
		},
		{
			"from": [10, 8, 6.5],
			"to": [10, 11, 10.5],
			"rotation": {"angle": -22.5, "axis": "z", "origin": [10, 8, 8]},
			"faces": {
				"east": {"uv": [9, 7, 10, 8], "texture": "#0"},
				"west": {"uv": [9, 7, 10, 8], "texture": "#0"}
			}
		},
		{
			"from": [6.5, 8, 10],
			"to": [10.5, 11, 10],
			"rotation": {"angle": 22.5, "axis": "x", "origin": [9, 8, 10]},
			"faces": {
				"north": {"uv": [9, 7, 10, 8], "texture": "#0"},
				"south": {"uv": [9, 7, 10, 8], "texture": "#0"}
			}
		},
		{
			"from": [8, 8, 7],
			"to": [8, 11, 10],
			"rotation": {"angle": 22.5, "axis": "z", "origin": [6, 7, 8]},
			"faces": {
				"east": {"uv": [8, 7, 9, 8], "texture": "#0"},
				"west": {"uv": [8, 7, 9, 8], "texture": "#0"}
			}
		},
		{
			"from": [9, 8, 7.5],
			"to": [9, 11, 10.5],
			"rotation": {"angle": 22.5, "axis": "z", "origin": [6, 6, 8]},
			"faces": {
				"east": {"uv": [9, 6, 10, 7], "texture": "#0"},
				"west": {"uv": [9, 6, 10, 7], "texture": "#0"}
			}
		},
		{
			"from": [7, 8, 9],
			"to": [10, 11, 9],
			"rotation": {"angle": 22.5, "axis": "x", "origin": [8, 7, 11]},
			"faces": {
				"north": {"uv": [8, 7, 9, 8], "texture": "#0"},
				"south": {"uv": [8, 7, 9, 8], "texture": "#0"}
			}
		},
		{
			"from": [7.5, 8, 8],
			"to": [10.5, 11, 8],
			"rotation": {"angle": 22.5, "axis": "x", "origin": [8, 6, 11]},
			"faces": {
				"north": {"uv": [9, 6, 10, 7], "texture": "#0"},
				"south": {"uv": [9, 6, 10, 7], "texture": "#0"}
			}
		},
		{
			"from": [9, 8, 7],
			"to": [9, 11, 10],
			"rotation": {"angle": -22.5, "axis": "z", "origin": [11, 7, 8]},
			"faces": {
				"east": {"uv": [8, 7, 9, 8], "texture": "#0"},
				"west": {"uv": [8, 7, 9, 8], "texture": "#0"}
			}
		},
		{
			"from": [8, 8, 6.5],
			"to": [8, 11, 9.5],
			"rotation": {"angle": -22.5, "axis": "z", "origin": [11, 6, 8]},
			"faces": {
				"east": {"uv": [9, 6, 10, 7], "texture": "#0"},
				"west": {"uv": [9, 6, 10, 7], "texture": "#0"}
			}
		},
		{
			"from": [7, 8, 8],
			"to": [10, 11, 8],
			"rotation": {"angle": -22.5, "axis": "x", "origin": [10, 7, 6]},
			"faces": {
				"north": {"uv": [8, 7, 9, 8], "texture": "#0"},
				"south": {"uv": [8, 7, 9, 8], "texture": "#0"}
			}
		},
		{
			"from": [6.5, 8, 9],
			"to": [9.5, 11, 9],
			"rotation": {"angle": -22.5, "axis": "x", "origin": [10, 6, 6]},
			"faces": {
				"north": {"uv": [9, 6, 10, 7], "texture": "#0"},
				"south": {"uv": [9, 6, 10, 7], "texture": "#0"}
			}
		}
	]
}