{
	"credit": "Made with Blockbench",
	"ambientocclusion": false,
	"textures": {
		"0": "block/attached_melon_stem-01",
		"1": "block/rose_bush-export",
		"2": "block/rose_bush_bottom",
		"particle": "block/rose_bush-export"
	},
	"elements": [
		{
			"from": [8, 1, 4],
			"to": [10, 3, 8],
			"faces": {
				"north": {"uv": [10, 11, 13, 14], "texture": "#1"},
				"east": {"uv": [9, 12, 12, 15], "texture": "#1"},
				"south": {"uv": [10, 12, 12, 14], "texture": "#1"},
				"west": {"uv": [9, 12, 12, 15], "texture": "#1"},
				"up": {"uv": [10, 11, 13, 14], "texture": "#1"},
				"down": {"uv": [10, 11, 13, 14], "texture": "#1"}
			}
		},
		{
			"from": [4, 3, 4],
			"to": [10, 5, 6],
			"faces": {
				"north": {"uv": [9, 11, 12, 14], "texture": "#1"},
				"east": {"uv": [10, 11, 13, 14], "texture": "#1"},
				"south": {"uv": [9, 11, 12, 14], "texture": "#1"},
				"west": {"uv": [10, 12, 13, 15], "texture": "#1"},
				"up": {"uv": [9, 12, 12, 15], "texture": "#1"},
				"down": {"uv": [9, 12, 12, 15], "texture": "#1"}
			}
		},
		{
			"from": [4, 3, 6],
			"to": [6, 11, 8],
			"faces": {
				"north": {"uv": [10, 11, 13, 14], "texture": "#1"},
				"east": {"uv": [9, 11, 12, 14], "texture": "#1"},
				"south": {"uv": [10, 11, 13, 14], "texture": "#1"},
				"west": {"uv": [9, 12, 12, 15], "texture": "#1"},
				"up": {"uv": [10, 12, 12, 14], "texture": "#1"},
				"down": {"uv": [10, 11, 13, 14], "texture": "#1"}
			}
		},
		{
			"from": [4, 11, 6],
			"to": [6, 13, 10],
			"faces": {
				"north": {"uv": [9, 12, 12, 15], "texture": "#1"},
				"east": {"uv": [10, 12, 13, 15], "texture": "#1"},
				"south": {"uv": [10, 12, 12, 14], "texture": "#1"},
				"west": {"uv": [9, 11, 12, 14], "texture": "#1"},
				"up": {"uv": [9, 11, 12, 14], "texture": "#1"},
				"down": {"uv": [10, 11, 13, 14], "texture": "#1"}
			}
		},
		{
			"from": [4, 11, 10],
			"to": [9, 13, 12],
			"faces": {
				"north": {"uv": [10, 11, 13, 14], "texture": "#1"},
				"east": {"uv": [10, 12, 13, 15], "texture": "#1"},
				"south": {"uv": [9, 12, 12, 15], "texture": "#1"},
				"west": {"uv": [9, 12, 12, 15], "texture": "#1"},
				"up": {"uv": [10, 11, 13, 14], "texture": "#1"},
				"down": {"uv": [9, 11, 12, 14], "texture": "#1"}
			}
		},
		{
			"from": [4, 6, 8],
			"to": [6, 8, 11],
			"faces": {
				"north": {"uv": [10, 12, 12, 14], "texture": "#1"},
				"east": {"uv": [10, 12, 12, 14], "texture": "#1"},
				"south": {"uv": [10, 12, 13, 15], "texture": "#1"},
				"west": {"uv": [9, 11, 12, 14], "texture": "#1"},
				"up": {"uv": [10, 11, 13, 14], "texture": "#1"},
				"down": {"uv": [9, 12, 12, 15], "texture": "#1"}
			}
		},
		{
			"from": [6, 6, 9],
			"to": [9, 8, 11],
			"faces": {
				"north": {"uv": [10, 11, 13, 14], "texture": "#1"},
				"east": {"uv": [10, 12, 12, 14], "texture": "#1"},
				"south": {"uv": [9, 11, 12, 14], "texture": "#1"},
				"west": {"uv": [10, 12, 12, 14], "texture": "#1"},
				"up": {"uv": [10, 12, 13, 15], "texture": "#1"},
				"down": {"uv": [10, 11, 13, 14], "texture": "#1"}
			}
		},
		{
			"from": [9, 6, 7],
			"to": [11, 8, 11],
			"faces": {
				"north": {"uv": [10, 12, 13, 15], "texture": "#1"},
				"east": {"uv": [9, 12, 12, 15], "texture": "#1"},
				"south": {"uv": [9, 12, 12, 15], "texture": "#1"},
				"west": {"uv": [10, 12, 12, 14], "texture": "#1"},
				"up": {"uv": [10, 12, 13, 15], "texture": "#1"},
				"down": {"uv": [10, 12, 13, 15], "texture": "#1"}
			}
		},
		{
			"from": [9, 8, 7],
			"to": [11, 10, 8],
			"faces": {
				"north": {"uv": [10, 11, 13, 14], "texture": "#1"},
				"east": {"uv": [10, 12, 12, 14], "texture": "#1"},
				"south": {"uv": [9, 12, 12, 15], "texture": "#1"},
				"west": {"uv": [10, 12, 12, 14], "texture": "#1"},
				"up": {"uv": [10, 12, 12, 14], "texture": "#1"},
				"down": {"uv": [9, 12, 10, 13], "texture": "#1"}
			}
		},
		{
			"from": [8, 13, 10],
			"to": [9, 16, 12],
			"faces": {
				"north": {"uv": [9, 12, 12, 15], "texture": "#1"},
				"east": {"uv": [10, 11, 13, 14], "texture": "#1"},
				"south": {"uv": [9, 11, 12, 14], "texture": "#1"},
				"west": {"uv": [10, 12, 13, 15], "texture": "#1"},
				"up": {"uv": [10, 12, 12, 14], "texture": "#1"},
				"down": {"uv": [9, 12, 10, 13], "texture": "#1"}
			}
		},
		{
			"from": [9, 10, 7],
			"to": [13, 11, 8],
			"faces": {
				"north": {"uv": [9, 12, 12, 15], "texture": "#1"},
				"east": {"uv": [10, 12, 12, 14], "texture": "#1"},
				"south": {"uv": [9, 11, 12, 14], "texture": "#1"},
				"west": {"uv": [10, 12, 12, 14], "texture": "#1"},
				"up": {"uv": [10, 12, 13, 15], "texture": "#1"},
				"down": {"uv": [10, 12, 12, 14], "texture": "#1"}
			}
		},
		{
			"from": [13, 10, 7],
			"to": [14, 11, 11],
			"faces": {
				"north": {"uv": [10, 11, 13, 14], "texture": "#1"},
				"east": {"uv": [9, 11, 12, 14], "texture": "#1"},
				"south": {"uv": [10, 12, 13, 15], "texture": "#1"},
				"west": {"uv": [10, 12, 12, 14], "texture": "#1"},
				"up": {"uv": [10, 11, 13, 14], "texture": "#1"},
				"down": {"uv": [10, 12, 12, 14], "texture": "#1"}
			}
		},
		{
			"from": [13, 6, 10],
			"to": [14, 10, 11],
			"faces": {
				"north": {"uv": [9, 12, 12, 15], "texture": "#1"},
				"east": {"uv": [10, 11, 13, 14], "texture": "#1"},
				"south": {"uv": [9, 11, 12, 14], "texture": "#1"},
				"west": {"uv": [10, 12, 12, 14], "texture": "#1"},
				"up": {"uv": [10, 12, 12, 14], "texture": "#1"},
				"down": {"uv": [9, 12, 10, 13], "texture": "#1"}
			}
		},
		{
			"from": [13, 5, 10],
			"to": [14, 6, 13],
			"faces": {
				"north": {"uv": [10, 11, 13, 14], "texture": "#1"},
				"east": {"uv": [9, 11, 12, 14], "texture": "#1"},
				"south": {"uv": [10, 11, 13, 14], "texture": "#1"},
				"west": {"uv": [10, 12, 12, 14], "texture": "#1"},
				"up": {"uv": [9, 12, 12, 15], "texture": "#1"},
				"down": {"uv": [10, 12, 12, 14], "texture": "#1"}
			}
		},
		{
			"from": [11, 5, 12],
			"to": [13, 6, 13],
			"faces": {
				"north": {"uv": [10, 12, 12, 14], "texture": "#1"},
				"east": {"uv": [10, 12, 12, 14], "texture": "#1"},
				"south": {"uv": [10, 12, 13, 15], "texture": "#1"},
				"west": {"uv": [10, 12, 12, 14], "texture": "#1"},
				"up": {"uv": [10, 11, 13, 14], "texture": "#1"},
				"down": {"uv": [10, 12, 12, 14], "texture": "#1"}
			}
		},
		{
			"from": [10, 3, 12],
			"to": [11, 6, 13],
			"faces": {
				"north": {"uv": [10, 12, 12, 14], "texture": "#1"},
				"east": {"uv": [10, 12, 12, 14], "texture": "#1"},
				"south": {"uv": [9, 12, 12, 15], "texture": "#1"},
				"west": {"uv": [9, 12, 12, 15], "texture": "#1"},
				"up": {"uv": [9, 11, 12, 14], "texture": "#1"},
				"down": {"uv": [10, 12, 12, 14], "texture": "#1"}
			}
		},
		{
			"from": [10, 3, 13],
			"to": [12, 4, 14],
			"faces": {
				"north": {"uv": [10, 12, 12, 14], "texture": "#1"},
				"east": {"uv": [10, 12, 12, 14], "texture": "#1"},
				"south": {"uv": [9, 12, 12, 15], "texture": "#1"},
				"west": {"uv": [10, 12, 13, 15], "texture": "#1"},
				"up": {"uv": [9, 11, 12, 14], "texture": "#1"},
				"down": {"uv": [10, 12, 12, 14], "texture": "#1"}
			}
		},
		{
			"from": [5, 12, 5],
			"to": [6, 16, 6],
			"faces": {
				"north": {"uv": [10, 11, 13, 14], "texture": "#1"},
				"east": {"uv": [9, 11, 12, 14], "texture": "#1"},
				"south": {"uv": [10, 12, 13, 15], "texture": "#1"},
				"west": {"uv": [10, 12, 12, 14], "texture": "#1"},
				"up": {"uv": [10, 11, 13, 14], "texture": "#1"},
				"down": {"uv": [10, 12, 12, 14], "texture": "#1"}
			}
		},
		{
			"from": [13, 9, 4],
			"to": [16, 10, 7],
			"faces": {
				"north": {"uv": [12, 9, 14, 11], "texture": "#0"},
				"east": {"uv": [12, 9, 14, 11], "texture": "#0"},
				"south": {"uv": [12, 9, 14, 11], "texture": "#0"},
				"west": {"uv": [12, 9, 14, 11], "texture": "#0"},
				"up": {"uv": [4, 2, 6, 4], "texture": "#0"},
				"down": {"uv": [4, 2, 6, 4], "texture": "#0"}
			}
		},
		{
			"from": [8, 5, 13],
			"to": [11, 6, 16],
			"faces": {
				"north": {"uv": [12, 9, 14, 11], "texture": "#0"},
				"east": {"uv": [12, 9, 14, 11], "texture": "#0"},
				"south": {"uv": [12, 9, 14, 11], "texture": "#0"},
				"west": {"uv": [12, 9, 14, 11], "texture": "#0"},
				"up": {"uv": [4, 2, 6, 4], "texture": "#0"},
				"down": {"uv": [4, 2, 6, 4], "texture": "#0"}
			}
		},
		{
			"from": [7, 11, 12],
			"to": [8, 12, 14],
			"faces": {
				"north": {"uv": [10, 12, 13, 15], "texture": "#1"},
				"east": {"uv": [9, 12, 12, 15], "texture": "#1"},
				"south": {"uv": [10, 11, 13, 14], "texture": "#1"},
				"west": {"uv": [10, 12, 12, 14], "texture": "#1"},
				"up": {"uv": [9, 12, 12, 15], "texture": "#1"},
				"down": {"uv": [10, 12, 12, 14], "texture": "#1"}
			}
		},
		{
			"from": [7, 11, 14],
			"to": [10, 12, 17],
			"faces": {
				"north": {"uv": [12, 9, 14, 11], "texture": "#0"},
				"east": {"uv": [12, 9, 14, 11], "texture": "#0"},
				"south": {"uv": [12, 9, 14, 11], "texture": "#0"},
				"west": {"uv": [12, 9, 14, 11], "texture": "#0"},
				"up": {"uv": [4, 2, 6, 4], "texture": "#0"},
				"down": {"uv": [4, 2, 6, 4], "texture": "#0"}
			}
		},
		{
			"from": [3, 7, 3],
			"to": [6, 8, 4],
			"faces": {
				"north": {"uv": [9, 11, 12, 14], "texture": "#1"},
				"east": {"uv": [10, 12, 13, 15], "texture": "#1"},
				"south": {"uv": [10, 11, 13, 14], "texture": "#1"},
				"west": {"uv": [10, 11, 13, 14], "texture": "#1"},
				"up": {"uv": [9, 13, 12, 16], "texture": "#1"},
				"down": {"uv": [10, 11, 13, 14], "texture": "#1"}
			}
		},
		{
			"from": [1, 7, 0],
			"to": [4, 8, 3],
			"faces": {
				"north": {"uv": [12, 9, 14, 11], "texture": "#0"},
				"east": {"uv": [12, 9, 14, 11], "texture": "#0"},
				"south": {"uv": [12, 9, 14, 11], "texture": "#0"},
				"west": {"uv": [12, 9, 14, 11], "texture": "#0"},
				"up": {"uv": [4, 2, 6, 4], "texture": "#0"},
				"down": {"uv": [4, 2, 6, 4], "texture": "#0"}
			}
		},
		{
			"from": [5, 8, 3],
			"to": [6, 9, 6],
			"faces": {
				"north": {"uv": [10, 11, 13, 14], "texture": "#1"},
				"east": {"uv": [10, 11, 13, 14], "texture": "#1"},
				"south": {"uv": [9, 11, 12, 14], "texture": "#1"},
				"west": {"uv": [9, 12, 12, 15], "texture": "#1"},
				"up": {"uv": [10, 11, 13, 14], "texture": "#1"},
				"down": {"uv": [11, 13, 12, 14], "texture": "#1"}
			}
		},
		{
			"from": [8, 0, 8],
			"to": [10, 3, 10],
			"faces": {
				"north": {"uv": [9, 12, 12, 15], "texture": "#1"},
				"east": {"uv": [10, 11, 13, 14], "texture": "#1"},
				"south": {"uv": [9, 11, 12, 14], "texture": "#1"},
				"west": {"uv": [10, 12, 13, 15], "texture": "#1"},
				"up": {"uv": [10, 12, 12, 14], "texture": "#1"},
				"down": {"uv": [9, 12, 10, 13], "texture": "#1"}
			}
		},
		{
			"from": [0, 6, 9],
			"to": [3, 7, 12],
			"faces": {
				"north": {"uv": [12, 9, 14, 11], "texture": "#0"},
				"east": {"uv": [12, 9, 14, 11], "texture": "#0"},
				"south": {"uv": [12, 9, 14, 11], "texture": "#0"},
				"west": {"uv": [12, 9, 14, 11], "texture": "#0"},
				"up": {"uv": [4, 2, 6, 4], "texture": "#0"},
				"down": {"uv": [4, 2, 6, 4], "texture": "#0"}
			}
		},
		{
			"from": [3, 6, 9],
			"to": [4, 7, 10],
			"faces": {
				"north": {"uv": [10, 12, 12, 14], "texture": "#1"},
				"east": {"uv": [10, 12, 12, 14], "texture": "#1"},
				"south": {"uv": [9, 12, 12, 15], "texture": "#1"},
				"west": {"uv": [10, 12, 13, 15], "texture": "#1"},
				"up": {"uv": [9, 11, 12, 14], "texture": "#1"},
				"down": {"uv": [10, 12, 12, 14], "texture": "#1"}
			}
		},
		{
			"from": [13, 12, 10],
			"to": [16, 16, 13],
			"faces": {
				"north": {"uv": [10, 1, 7, 5], "texture": "#2"},
				"east": {"uv": [7, 1, 10, 5], "texture": "#2"},
				"south": {"uv": [10, 1, 7, 5], "texture": "#2"},
				"west": {"uv": [7, 1, 10, 5], "texture": "#2"},
				"up": {"uv": [7, 1, 10, 4], "texture": "#2"},
				"down": {"uv": [8, 4, 9, 5], "texture": "#2"}
			}
		},
		{
			"from": [14, 10, 11],
			"to": [15, 12, 12],
			"faces": {
				"north": {"uv": [10, 12, 12, 14], "texture": "#1"},
				"east": {"uv": [10, 12, 12, 14], "texture": "#1"},
				"south": {"uv": [9, 12, 12, 15], "texture": "#1"},
				"west": {"uv": [9, 12, 12, 15], "texture": "#1"},
				"up": {"uv": [9, 11, 12, 14], "texture": "#1"},
				"down": {"uv": [10, 12, 12, 14], "texture": "#1"}
			}
		},
		{
			"from": [2, 13, 8],
			"to": [3, 15, 9],
			"faces": {
				"north": {"uv": [10, 12, 12, 14], "texture": "#1"},
				"east": {"uv": [10, 12, 12, 14], "texture": "#1"},
				"south": {"uv": [9, 12, 12, 15], "texture": "#1"},
				"west": {"uv": [9, 12, 12, 15], "texture": "#1"},
				"up": {"uv": [9, 11, 12, 14], "texture": "#1"},
				"down": {"uv": [10, 12, 12, 14], "texture": "#1"}
			}
		},
		{
			"from": [1, 15, 7],
			"to": [4, 19, 10],
			"faces": {
				"north": {"uv": [10, 1, 7, 5], "texture": "#2"},
				"east": {"uv": [7, 1, 10, 5], "texture": "#2"},
				"south": {"uv": [10, 1, 7, 5], "texture": "#2"},
				"west": {"uv": [7, 1, 10, 5], "texture": "#2"},
				"up": {"uv": [7, 1, 10, 4], "texture": "#2"},
				"down": {"uv": [8, 4, 9, 5], "texture": "#2"}
			}
		},
		{
			"from": [2, 12, 8],
			"to": [4, 13, 9],
			"faces": {
				"north": {"uv": [10, 12, 12, 14], "texture": "#1"},
				"east": {"uv": [10, 12, 12, 14], "texture": "#1"},
				"south": {"uv": [9, 12, 12, 15], "texture": "#1"},
				"west": {"uv": [10, 12, 13, 15], "texture": "#1"},
				"up": {"uv": [9, 11, 12, 14], "texture": "#1"},
				"down": {"uv": [10, 12, 12, 14], "texture": "#1"}
			}
		},
		{
			"from": [8, 12, 4],
			"to": [9, 13, 6],
			"faces": {
				"north": {"uv": [10, 12, 13, 15], "texture": "#1"},
				"east": {"uv": [9, 12, 12, 15], "texture": "#1"},
				"south": {"uv": [10, 11, 13, 14], "texture": "#1"},
				"west": {"uv": [10, 12, 12, 14], "texture": "#1"},
				"up": {"uv": [9, 12, 12, 15], "texture": "#1"},
				"down": {"uv": [10, 12, 12, 14], "texture": "#1"}
			}
		},
		{
			"from": [7, 12, 1],
			"to": [10, 13, 4],
			"faces": {
				"north": {"uv": [12, 9, 14, 11], "texture": "#0"},
				"east": {"uv": [12, 9, 14, 11], "texture": "#0"},
				"south": {"uv": [12, 9, 14, 11], "texture": "#0"},
				"west": {"uv": [12, 9, 14, 11], "texture": "#0"},
				"up": {"uv": [4, 2, 6, 4], "texture": "#0"},
				"down": {"uv": [4, 2, 6, 4], "texture": "#0"}
			}
		},
		{
			"from": [6, 12, 6],
			"to": [9, 13, 7],
			"faces": {
				"north": {"uv": [9, 11, 12, 14], "texture": "#1"},
				"east": {"uv": [10, 12, 13, 15], "texture": "#1"},
				"south": {"uv": [10, 11, 13, 14], "texture": "#1"},
				"west": {"uv": [10, 11, 13, 14], "texture": "#1"},
				"up": {"uv": [9, 13, 12, 16], "texture": "#1"},
				"down": {"uv": [10, 11, 13, 14], "texture": "#1"}
			}
		}
	]
}