{
	"credit": "Made with Blockbench",
	"ambientocclusion": false,
	"textures": {
		"0": "block/attached_melon_stem-01",
		"1": "block/rose_bush-export",
		"2": "block/rose_bush_top",
		"particle": "block/rose_bush-export"
	},
	"elements": [
		{
			"from": [4, 10, 6],
			"to": [5, 13, 7],
			"faces": {
				"north": {"uv": [10, 11, 13, 14], "texture": "#1"},
				"east": {"uv": [10, 11, 13, 14], "texture": "#1"},
				"south": {"uv": [9, 11, 12, 14], "texture": "#1"},
				"west": {"uv": [9, 11, 12, 14], "texture": "#1"},
				"up": {"uv": [9, 11, 12, 14], "texture": "#1"},
				"down": {"uv": [11, 13, 12, 14], "texture": "#1"}
			}
		},
		{
			"from": [4, 12, 4],
			"to": [7, 13, 5],
			"faces": {
				"north": {"uv": [9, 13, 12, 15], "texture": "#1"},
				"east": {"uv": [11, 13, 12, 14], "texture": "#1"},
				"south": {"uv": [9, 11, 12, 14], "texture": "#1"},
				"west": {"uv": [10, 12, 13, 15], "texture": "#1"},
				"up": {"uv": [10, 11, 13, 14], "texture": "#1"},
				"down": {"uv": [9, 11, 12, 14], "texture": "#1"}
			}
		},
		{
			"from": [5, 3, 1],
			"to": [6, 4, 3],
			"faces": {
				"north": {"uv": [11, 13, 12, 14], "texture": "#1"},
				"east": {"uv": [10, 12, 13, 15], "texture": "#1"},
				"south": {"uv": [10, 11, 13, 14], "texture": "#1"},
				"west": {"uv": [9, 11, 12, 14], "texture": "#1"},
				"up": {"uv": [9, 13, 12, 16], "texture": "#1"},
				"down": {"uv": [11, 13, 12, 14], "texture": "#1"}
			}
		},
		{
			"from": [7, 11, 5],
			"to": [8, 12, 8],
			"faces": {
				"north": {"uv": [10, 11, 13, 14], "texture": "#1"},
				"east": {"uv": [9, 11, 12, 14], "texture": "#1"},
				"south": {"uv": [9, 11, 12, 14], "texture": "#1"},
				"west": {"uv": [10, 12, 13, 15], "texture": "#1"},
				"up": {"uv": [10, 11, 13, 14], "texture": "#1"},
				"down": {"uv": [9, 11, 12, 14], "texture": "#1"}
			}
		},
		{
			"from": [7, 10, 7],
			"to": [10, 11, 8],
			"faces": {
				"north": {"uv": [9, 11, 12, 14], "texture": "#1"},
				"east": {"uv": [11, 13, 12, 14], "texture": "#1"},
				"south": {"uv": [9, 11, 12, 14], "texture": "#1"},
				"west": {"uv": [10, 12, 12, 14], "texture": "#1"},
				"up": {"uv": [9, 12, 12, 15], "texture": "#1"},
				"down": {"uv": [10, 12, 13, 15], "texture": "#1"}
			}
		},
		{
			"from": [12, 7, 3],
			"to": [13, 8, 7],
			"faces": {
				"north": {"uv": [10, 11, 13, 14], "texture": "#1"},
				"east": {"uv": [9, 11, 12, 14], "texture": "#1"},
				"south": {"uv": [10, 12, 13, 15], "texture": "#1"},
				"west": {"uv": [10, 12, 12, 14], "texture": "#1"},
				"up": {"uv": [10, 11, 13, 14], "texture": "#1"},
				"down": {"uv": [10, 12, 12, 14], "texture": "#1"}
			}
		},
		{
			"from": [9, 9, 2],
			"to": [10, 10, 8],
			"faces": {
				"north": {"uv": [11, 13, 12, 14], "texture": "#1"},
				"east": {"uv": [10, 12, 13, 15], "texture": "#1"},
				"south": {"uv": [11, 13, 12, 14], "texture": "#1"},
				"west": {"uv": [9, 11, 12, 14], "texture": "#1"},
				"up": {"uv": [9, 11, 12, 14], "texture": "#1"},
				"down": {"uv": [10, 12, 13, 15], "texture": "#1"}
			}
		},
		{
			"from": [10, 9, 2],
			"to": [13, 10, 3],
			"faces": {
				"north": {"uv": [9, 11, 12, 14], "texture": "#1"},
				"east": {"uv": [9, 5, 10, 8], "texture": "#1"},
				"south": {"uv": [10, 12, 13, 15], "texture": "#1"},
				"west": {"uv": [10, 12, 12, 14], "texture": "#1"},
				"up": {"uv": [9, 11, 12, 14], "texture": "#1"},
				"down": {"uv": [9, 11, 12, 14], "texture": "#1"}
			}
		},
		{
			"from": [8, 0, 3],
			"to": [9, 1, 6],
			"faces": {
				"north": {"uv": [2, 6, 3, 7], "texture": "#1"},
				"east": {"uv": [10, 12, 13, 15], "texture": "#1"},
				"south": {"uv": [10, 11, 13, 14], "texture": "#1"},
				"west": {"uv": [10, 11, 13, 14], "texture": "#1"},
				"up": {"uv": [9, 11, 12, 14], "texture": "#1"},
				"down": {"uv": [9, 11, 12, 14], "texture": "#1"}
			}
		},
		{
			"from": [5, 0, 2],
			"to": [6, 3, 3],
			"faces": {
				"north": {"uv": [9, 11, 12, 14], "texture": "#1"},
				"east": {"uv": [10, 12, 13, 15], "texture": "#1"},
				"south": {"uv": [9, 11, 12, 14], "texture": "#1"},
				"west": {"uv": [10, 11, 13, 14], "texture": "#1"},
				"up": {"uv": [10, 11, 13, 14], "texture": "#1"},
				"down": {"uv": [11, 13, 12, 14], "texture": "#1"}
			}
		},
		{
			"from": [5, 0, 5],
			"to": [8, 1, 6],
			"faces": {
				"north": {"uv": [10, 12, 13, 15], "texture": "#1"},
				"east": {"uv": [9, 5, 10, 8], "texture": "#1"},
				"south": {"uv": [10, 12, 13, 15], "texture": "#1"},
				"west": {"uv": [10, 12, 12, 14], "texture": "#1"},
				"up": {"uv": [10, 11, 13, 14], "texture": "#1"},
				"down": {"uv": [10, 11, 13, 14], "texture": "#1"}
			}
		},
		{
			"from": [6, 0, 2],
			"to": [9, 1, 3],
			"faces": {
				"north": {"uv": [10, 11, 13, 14], "texture": "#1"},
				"east": {"uv": [9, 11, 12, 14], "texture": "#1"},
				"south": {"uv": [9, 11, 12, 14], "texture": "#1"},
				"west": {"uv": [10, 12, 12, 14], "texture": "#1"},
				"up": {"uv": [10, 12, 13, 15], "texture": "#1"},
				"down": {"uv": [9, 11, 12, 14], "texture": "#1"}
			}
		},
		{
			"from": [12, 7, 2],
			"to": [13, 9, 3],
			"faces": {
				"north": {"uv": [10, 12, 13, 15], "texture": "#1"},
				"east": {"uv": [9, 12, 12, 15], "texture": "#1"},
				"south": {"uv": [9, 6, 10, 9], "texture": "#1"},
				"west": {"uv": [10, 12, 12, 14], "texture": "#1"},
				"up": {"uv": [9, 12, 12, 15], "texture": "#1"},
				"down": {"uv": [9, 11, 12, 14], "texture": "#1"}
			}
		},
		{
			"from": [5, -3, 5],
			"to": [6, 0, 6],
			"faces": {
				"north": {"uv": [10, 11, 13, 14], "texture": "#1"},
				"east": {"uv": [9, 11, 12, 14], "texture": "#1"},
				"south": {"uv": [9, 11, 12, 14], "texture": "#1"},
				"west": {"uv": [9, 11, 12, 14], "texture": "#1"},
				"up": {"uv": [10, 12, 12, 14], "texture": "#1"},
				"down": {"uv": [11, 13, 12, 14], "texture": "#1"}
			}
		},
		{
			"from": [4, 12, 5],
			"to": [5, 13, 6],
			"faces": {
				"north": {"uv": [10, 11, 13, 14], "texture": "#1"},
				"east": {"uv": [9, 11, 12, 14], "texture": "#1"},
				"south": {"uv": [9, 6, 10, 9], "texture": "#1"},
				"west": {"uv": [10, 12, 12, 14], "texture": "#1"},
				"up": {"uv": [10, 12, 13, 15], "texture": "#1"},
				"down": {"uv": [9, 11, 12, 14], "texture": "#1"}
			}
		},
		{
			"from": [12, 4, 6],
			"to": [13, 7, 7],
			"faces": {
				"north": {"uv": [9, 12, 12, 15], "texture": "#1"},
				"east": {"uv": [10, 11, 13, 14], "texture": "#1"},
				"south": {"uv": [9, 11, 12, 14], "texture": "#1"},
				"west": {"uv": [10, 12, 12, 14], "texture": "#1"},
				"up": {"uv": [10, 12, 12, 14], "texture": "#1"},
				"down": {"uv": [9, 12, 10, 13], "texture": "#1"}
			}
		},
		{
			"from": [6, 4, 6],
			"to": [7, 5, 11],
			"faces": {
				"north": {"uv": [10, 11, 13, 14], "texture": "#1"},
				"east": {"uv": [9, 11, 12, 14], "texture": "#1"},
				"south": {"uv": [10, 11, 13, 14], "texture": "#1"},
				"west": {"uv": [10, 12, 12, 14], "texture": "#1"},
				"up": {"uv": [9, 12, 12, 15], "texture": "#1"},
				"down": {"uv": [10, 12, 12, 14], "texture": "#1"}
			}
		},
		{
			"from": [7, 4, 6],
			"to": [12, 5, 7],
			"faces": {
				"north": {"uv": [10, 12, 12, 14], "texture": "#1"},
				"east": {"uv": [10, 12, 12, 14], "texture": "#1"},
				"south": {"uv": [10, 12, 13, 15], "texture": "#1"},
				"west": {"uv": [10, 12, 12, 14], "texture": "#1"},
				"up": {"uv": [10, 11, 13, 14], "texture": "#1"},
				"down": {"uv": [10, 12, 12, 14], "texture": "#1"}
			}
		},
		{
			"from": [6, 2, 11],
			"to": [7, 5, 12],
			"faces": {
				"north": {"uv": [10, 12, 12, 14], "texture": "#1"},
				"east": {"uv": [10, 12, 12, 14], "texture": "#1"},
				"south": {"uv": [9, 12, 12, 15], "texture": "#1"},
				"west": {"uv": [9, 12, 12, 15], "texture": "#1"},
				"up": {"uv": [9, 11, 12, 14], "texture": "#1"},
				"down": {"uv": [10, 12, 12, 14], "texture": "#1"}
			}
		},
		{
			"from": [6, 2, 11],
			"to": [8, 3, 12],
			"faces": {
				"north": {"uv": [10, 12, 12, 14], "texture": "#1"},
				"east": {"uv": [10, 12, 12, 14], "texture": "#1"},
				"south": {"uv": [9, 12, 12, 15], "texture": "#1"},
				"west": {"uv": [10, 12, 13, 15], "texture": "#1"},
				"up": {"uv": [9, 11, 12, 14], "texture": "#1"},
				"down": {"uv": [10, 12, 12, 14], "texture": "#1"}
			}
		},
		{
			"from": [8, 0, 11],
			"to": [9, 3, 12],
			"faces": {
				"north": {"uv": [10, 11, 13, 14], "texture": "#1"},
				"east": {"uv": [9, 11, 12, 14], "texture": "#1"},
				"south": {"uv": [10, 12, 13, 15], "texture": "#1"},
				"west": {"uv": [10, 12, 12, 14], "texture": "#1"},
				"up": {"uv": [10, 11, 13, 14], "texture": "#1"},
				"down": {"uv": [10, 12, 12, 14], "texture": "#1"}
			}
		},
		{
			"from": [12, 8, -1],
			"to": [15, 9, 2],
			"faces": {
				"north": {"uv": [12, 9, 14, 11], "texture": "#0"},
				"east": {"uv": [12, 9, 14, 11], "texture": "#0"},
				"south": {"uv": [12, 9, 14, 11], "texture": "#0"},
				"west": {"uv": [12, 9, 14, 11], "texture": "#0"},
				"up": {"uv": [4, 2, 6, 4], "texture": "#0"},
				"down": {"uv": [4, 2, 6, 4], "texture": "#0"}
			}
		},
		{
			"from": [3, 4, 11],
			"to": [6, 5, 14],
			"faces": {
				"north": {"uv": [12, 9, 14, 11], "texture": "#0"},
				"east": {"uv": [12, 9, 14, 11], "texture": "#0"},
				"south": {"uv": [12, 9, 14, 11], "texture": "#0"},
				"west": {"uv": [12, 9, 14, 11], "texture": "#0"},
				"up": {"uv": [4, 2, 6, 4], "texture": "#0"},
				"down": {"uv": [4, 2, 6, 4], "texture": "#0"}
			}
		},
		{
			"from": [7, 5, 0],
			"to": [10, 6, 3],
			"faces": {
				"north": {"uv": [11, 9, 13, 11], "texture": "#0"},
				"east": {"uv": [11, 9, 13, 11], "texture": "#0"},
				"south": {"uv": [11, 9, 13, 11], "texture": "#0"},
				"west": {"uv": [11, 9, 13, 11], "texture": "#0"},
				"up": {"uv": [10, 4, 12, 6], "texture": "#0"},
				"down": {"uv": [11, 9, 13, 11], "texture": "#0"}
			}
		},
		{
			"from": [6, 3, 1],
			"to": [8, 4, 2],
			"faces": {
				"north": {"uv": [10, 11, 13, 14], "texture": "#1"},
				"east": {"uv": [9, 12, 12, 15], "texture": "#1"},
				"south": {"uv": [9, 11, 12, 14], "texture": "#1"},
				"west": {"uv": [10, 12, 12, 14], "texture": "#1"},
				"up": {"uv": [10, 11, 13, 14], "texture": "#1"},
				"down": {"uv": [10, 12, 12, 14], "texture": "#1"}
			}
		},
		{
			"from": [3, 11, 6],
			"to": [4, 12, 7],
			"faces": {
				"north": {"uv": [10, 11, 13, 14], "texture": "#1"},
				"east": {"uv": [10, 12, 12, 14], "texture": "#1"},
				"south": {"uv": [10, 12, 12, 14], "texture": "#1"},
				"west": {"uv": [10, 12, 13, 15], "texture": "#1"},
				"up": {"uv": [9, 11, 12, 14], "texture": "#1"},
				"down": {"uv": [10, 12, 12, 14], "texture": "#1"}
			}
		},
		{
			"from": [0, 11, 6],
			"to": [3, 12, 9],
			"faces": {
				"north": {"uv": [11, 11, 13, 12], "texture": "#0"},
				"east": {"uv": [11, 9, 13, 11], "texture": "#0"},
				"south": {"uv": [11, 9, 13, 11], "texture": "#0"},
				"west": {"uv": [7, 12, 9, 14], "rotation": 180, "texture": "#0"},
				"up": {"uv": [11, 10, 13, 12], "texture": "#0"},
				"down": {"uv": [4, 2, 6, 4], "texture": "#0"}
			}
		},
		{
			"from": [9, 10, 10],
			"to": [12, 11, 13],
			"faces": {
				"north": {"uv": [11, 9, 13, 11], "texture": "#0"},
				"east": {"uv": [11, 9, 13, 11], "texture": "#0"},
				"south": {"uv": [9, 4, 11, 6], "texture": "#0"},
				"west": {"uv": [11, 10, 13, 12], "texture": "#0"},
				"up": {"uv": [9, 4, 11, 6], "texture": "#0"},
				"down": {"uv": [9, 4, 11, 6], "texture": "#0"}
			}
		},
		{
			"from": [9, 10, 8],
			"to": [10, 11, 10],
			"faces": {
				"north": {"uv": [10, 12, 12, 14], "texture": "#1"},
				"east": {"uv": [10, 12, 13, 15], "texture": "#1"},
				"south": {"uv": [10, 12, 12, 14], "texture": "#1"},
				"west": {"uv": [10, 11, 13, 14], "texture": "#1"},
				"up": {"uv": [9, 11, 12, 14], "texture": "#1"},
				"down": {"uv": [10, 11, 13, 14], "texture": "#1"}
			}
		},
		{
			"from": [7, 4, 1],
			"to": [8, 5, 2],
			"faces": {
				"north": {"uv": [9, 11, 12, 14], "texture": "#1"},
				"east": {"uv": [10, 11, 13, 14], "texture": "#1"},
				"south": {"uv": [9, 11, 12, 14], "texture": "#1"},
				"west": {"uv": [10, 11, 13, 14], "texture": "#1"},
				"up": {"uv": [10, 11, 13, 14], "texture": "#1"},
				"down": {"uv": [11, 13, 12, 14], "texture": "#1"}
			}
		},
		{
			"from": [5, 14, 0],
			"to": [8, 15, 3],
			"faces": {
				"north": {"uv": [7, 12, 9, 14], "texture": "#0"},
				"east": {"uv": [12, 9, 14, 11], "texture": "#0"},
				"south": {"uv": [7, 11, 9, 13], "texture": "#0"},
				"west": {"uv": [7, 12, 9, 14], "texture": "#0"},
				"up": {"uv": [7, 12, 9, 14], "texture": "#0"},
				"down": {"uv": [7, 11, 9, 13], "texture": "#0"}
			}
		},
		{
			"from": [7, 11, 4],
			"to": [8, 14, 5],
			"faces": {
				"north": {"uv": [10, 11, 13, 14], "texture": "#1"},
				"east": {"uv": [10, 11, 13, 14], "texture": "#1"},
				"south": {"uv": [9, 11, 12, 14], "texture": "#1"},
				"west": {"uv": [9, 11, 12, 14], "texture": "#1"},
				"up": {"uv": [9, 6, 10, 9.5], "texture": "#1"},
				"down": {"uv": [11, 13, 12, 14], "texture": "#1"}
			}
		},
		{
			"from": [7, 14, 3],
			"to": [8, 15, 5],
			"faces": {
				"north": {"uv": [11, 13, 12, 14], "texture": "#1"},
				"east": {"uv": [10, 12, 13, 15], "texture": "#1"},
				"south": {"uv": [10, 11, 13, 14], "texture": "#1"},
				"west": {"uv": [9, 11, 12, 14], "texture": "#1"},
				"up": {"uv": [9, 13, 12, 16], "texture": "#1"},
				"down": {"uv": [10, 12, 13, 15], "texture": "#1"}
			}
		},
		{
			"from": [13, 7, 6],
			"to": [16, 8, 7],
			"faces": {
				"north": {"uv": [9, 11, 12, 14], "texture": "#1"},
				"east": {"uv": [10, 12, 13, 15], "texture": "#1"},
				"south": {"uv": [10, 11, 13, 14], "texture": "#1"},
				"west": {"uv": [10, 11, 13, 14], "texture": "#1"},
				"up": {"uv": [9, 13, 12, 16], "texture": "#1"},
				"down": {"uv": [10, 11, 13, 14], "texture": "#1"}
			}
		},
		{
			"from": [13, 8, 9],
			"to": [16, 9, 12],
			"faces": {
				"north": {"uv": [12, 9, 14, 11], "texture": "#0"},
				"east": {"uv": [12, 9, 14, 11], "texture": "#0"},
				"south": {"uv": [12, 9, 14, 11], "texture": "#0"},
				"west": {"uv": [12, 9, 14, 11], "texture": "#0"},
				"up": {"uv": [4, 2, 6, 4], "texture": "#0"},
				"down": {"uv": [4, 2, 6, 4], "texture": "#0"}
			}
		},
		{
			"from": [15, 8, 6],
			"to": [16, 9, 9],
			"faces": {
				"north": {"uv": [10, 11, 13, 14], "texture": "#1"},
				"east": {"uv": [10, 11, 13, 14], "texture": "#1"},
				"south": {"uv": [9, 11, 12, 14], "texture": "#1"},
				"west": {"uv": [9, 12, 12, 15], "texture": "#1"},
				"up": {"uv": [10, 11, 13, 14], "texture": "#1"},
				"down": {"uv": [11, 13, 12, 14], "texture": "#1"}
			}
		},
		{
			"from": [3, 9, 4],
			"to": [6, 10, 7],
			"faces": {
				"north": {"uv": [12, 9, 14, 11], "texture": "#0"},
				"east": {"uv": [12, 9, 14, 11], "texture": "#0"},
				"south": {"uv": [12, 9, 14, 11], "texture": "#0"},
				"west": {"uv": [12, 9, 14, 11], "texture": "#0"},
				"up": {"uv": [4, 2, 6, 4], "texture": "#0"},
				"down": {"uv": [4, 2, 6, 4], "texture": "#0"}
			}
		},
		{
			"from": [11, 0, 5],
			"to": [14, 1, 8],
			"faces": {
				"north": {"uv": [11, 9, 13, 11], "texture": "#0"},
				"east": {"uv": [11, 9, 13, 11], "texture": "#0"},
				"south": {"uv": [11, 9, 13, 11], "texture": "#0"},
				"west": {"uv": [11, 9, 13, 11], "texture": "#0"},
				"up": {"uv": [10, 4, 12, 6], "texture": "#0"},
				"down": {"uv": [11, 9, 13, 11], "texture": "#0"}
			}
		},
		{
			"from": [9, 0, 5],
			"to": [11, 1, 6],
			"faces": {
				"north": {"uv": [10, 11, 13, 14], "texture": "#1"},
				"east": {"uv": [9, 12, 12, 15], "texture": "#1"},
				"south": {"uv": [9, 11, 12, 14], "texture": "#1"},
				"west": {"uv": [10, 12, 12, 14], "texture": "#1"},
				"up": {"uv": [10, 11, 13, 14], "texture": "#1"},
				"down": {"uv": [10, 12, 12, 14], "texture": "#1"}
			}
		},
		{
			"from": [1, 4, 4],
			"to": [4, 5, 7],
			"faces": {
				"north": {"uv": [12, 9, 14, 11], "texture": "#0"},
				"east": {"uv": [12, 9, 14, 11], "texture": "#0"},
				"south": {"uv": [12, 9, 14, 11], "texture": "#0"},
				"west": {"uv": [12, 9, 14, 11], "texture": "#0"},
				"up": {"uv": [4, 2, 6, 4], "texture": "#0"},
				"down": {"uv": [4, 2, 6, 4], "texture": "#0"}
			}
		},
		{
			"from": [4, 4, 6],
			"to": [6, 5, 7],
			"faces": {
				"north": {"uv": [10, 11, 13, 14], "texture": "#1"},
				"east": {"uv": [9, 12, 12, 15], "texture": "#1"},
				"south": {"uv": [9, 11, 12, 14], "texture": "#1"},
				"west": {"uv": [10, 12, 12, 14], "texture": "#1"},
				"up": {"uv": [10, 11, 13, 14], "texture": "#1"},
				"down": {"uv": [10, 12, 12, 14], "texture": "#1"}
			}
		},
		{
			"from": [12, 10, 5],
			"to": [15, 14, 8],
			"faces": {
				"north": {"uv": [9, 1, 6, 5], "texture": "#2"},
				"east": {"uv": [6, 1, 9, 5], "texture": "#2"},
				"south": {"uv": [9, 1, 6, 5], "texture": "#2"},
				"west": {"uv": [6, 1, 9, 5], "texture": "#2"},
				"up": {"uv": [8, 2, 9, 3], "texture": "#2"},
				"down": {"uv": [7, 4, 8, 5], "texture": "#2"}
			}
		},
		{
			"from": [11, 11, 6],
			"to": [14, 13, 9],
			"faces": {
				"north": {"uv": [8, 3, 7, 4], "texture": "#2"},
				"east": {"uv": [7, 3, 8, 4], "texture": "#2"},
				"south": {"uv": [8, 3, 7, 4], "texture": "#2"},
				"west": {"uv": [7, 3, 8, 4], "texture": "#2"},
				"up": {"uv": [7, 3, 8, 4], "texture": "#2"},
				"down": {"uv": [7, 3, 8, 4], "texture": "#2"}
			}
		},
		{
			"from": [13, 11, 4],
			"to": [16, 13, 7],
			"faces": {
				"north": {"uv": [9, 3, 8, 4], "texture": "#2"},
				"east": {"uv": [8, 3, 9, 4], "texture": "#2"},
				"south": {"uv": [9, 3, 8, 4], "texture": "#2"},
				"west": {"uv": [7, 3, 8, 4], "texture": "#2"},
				"up": {"uv": [8, 3, 9, 4], "texture": "#2"},
				"down": {"uv": [7, 3, 8, 4], "texture": "#2"}
			}
		},
		{
			"from": [13, 8, 6],
			"to": [14, 10, 7],
			"faces": {
				"north": {"uv": [10, 12, 13, 15], "texture": "#1"},
				"east": {"uv": [9, 12, 12, 15], "texture": "#1"},
				"south": {"uv": [9, 6, 10, 9], "texture": "#1"},
				"west": {"uv": [10, 12, 12, 14], "texture": "#1"},
				"up": {"uv": [9, 12, 12, 15], "texture": "#1"},
				"down": {"uv": [9, 11, 12, 14], "texture": "#1"}
			}
		},
		{
			"from": [4, 15, 6],
			"to": [7, 17, 9],
			"faces": {
				"north": {"uv": [8, 3, 7, 4], "texture": "#2"},
				"east": {"uv": [7, 3, 8, 4], "texture": "#2"},
				"south": {"uv": [8, 3, 7, 4], "texture": "#2"},
				"west": {"uv": [7, 3, 8, 4], "texture": "#2"},
				"up": {"uv": [7, 3, 8, 4], "texture": "#2"},
				"down": {"uv": [7, 3, 8, 4], "texture": "#2"}
			}
		},
		{
			"from": [3, 14, 5],
			"to": [6, 18, 8],
			"faces": {
				"north": {"uv": [9, 1, 6, 5], "texture": "#2"},
				"east": {"uv": [6, 1, 9, 5], "texture": "#2"},
				"south": {"uv": [9, 1, 6, 5], "texture": "#2"},
				"west": {"uv": [6, 1, 9, 5], "texture": "#2"},
				"up": {"uv": [8, 2, 9, 3], "texture": "#2"},
				"down": {"uv": [7, 4, 8, 5], "texture": "#2"}
			}
		},
		{
			"from": [2, 15, 4],
			"to": [5, 17, 7],
			"faces": {
				"north": {"uv": [9, 3, 8, 4], "texture": "#2"},
				"east": {"uv": [8, 3, 9, 4], "texture": "#2"},
				"south": {"uv": [9, 3, 8, 4], "texture": "#2"},
				"west": {"uv": [7, 3, 8, 4], "texture": "#2"},
				"up": {"uv": [8, 3, 9, 4], "texture": "#2"},
				"down": {"uv": [7, 3, 8, 4], "texture": "#2"}
			}
		},
		{
			"from": [4, 13, 6],
			"to": [5, 14, 7],
			"faces": {
				"north": {"uv": [10, 12, 13, 15], "texture": "#1"},
				"east": {"uv": [9, 12, 12, 15], "texture": "#1"},
				"south": {"uv": [9, 6, 10, 9], "texture": "#1"},
				"west": {"uv": [10, 12, 12, 14], "texture": "#1"},
				"up": {"uv": [9, 12, 12, 15], "texture": "#1"},
				"down": {"uv": [9, 11, 12, 14], "texture": "#1"}
			}
		},
		{
			"from": [7, 7, 12],
			"to": [10, 9, 15],
			"faces": {
				"north": {"uv": [8, 3, 7, 4], "texture": "#2"},
				"east": {"uv": [7, 3, 8, 4], "texture": "#2"},
				"south": {"uv": [8, 3, 7, 4], "texture": "#2"},
				"west": {"uv": [7, 3, 8, 4], "texture": "#2"},
				"up": {"uv": [7, 3, 8, 4], "texture": "#2"},
				"down": {"uv": [7, 3, 8, 4], "texture": "#2"}
			}
		},
		{
			"from": [6, 6, 11],
			"to": [9, 10, 14],
			"faces": {
				"north": {"uv": [9, 1, 6, 5], "texture": "#2"},
				"east": {"uv": [6, 1, 9, 5], "texture": "#2"},
				"south": {"uv": [9, 1, 6, 5], "texture": "#2"},
				"west": {"uv": [6, 1, 9, 5], "texture": "#2"},
				"up": {"uv": [8, 2, 9, 3], "texture": "#2"},
				"down": {"uv": [7, 4, 8, 5], "texture": "#2"}
			}
		},
		{
			"from": [5, 7, 10],
			"to": [8, 9, 13],
			"faces": {
				"north": {"uv": [9, 3, 8, 4], "texture": "#2"},
				"east": {"uv": [8, 3, 9, 4], "texture": "#2"},
				"south": {"uv": [9, 3, 8, 4], "texture": "#2"},
				"west": {"uv": [7, 3, 8, 4], "texture": "#2"},
				"up": {"uv": [8, 3, 9, 4], "texture": "#2"},
				"down": {"uv": [7, 3, 8, 4], "texture": "#2"}
			}
		},
		{
			"from": [7, 5, 12],
			"to": [8, 6, 13],
			"faces": {
				"north": {"uv": [10, 12, 13, 15], "texture": "#1"},
				"east": {"uv": [9, 12, 12, 15], "texture": "#1"},
				"south": {"uv": [9, 6, 10, 9], "texture": "#1"},
				"west": {"uv": [10, 12, 12, 14], "texture": "#1"},
				"up": {"uv": [9, 12, 12, 15], "texture": "#1"},
				"down": {"uv": [9, 11, 12, 14], "texture": "#1"}
			}
		}
	]
}