{
    "name": "Golden Vision",
    "description": "Eating Golden Carrots let you see in the dark for a little while!",
    "hidden": false,
    "loading_priority": 2,
    "type": "origins:modify_food",
    "item_condition": {
        "inverted": false,
        "type": "origins:ingredient",
        "ingredient": {
            "tag": "minecraft:golden_carrot"
        }
    },
    "entity_action": {
        "type": "origins:apply_effect",
        "effect": {
            "effect": "minecraft:night_vision",
            "duration": 900,
            "amplifier": 0,
            "is_ambient": false,
            "show_particles": false,
            "show_icon": true
        }
    }
}