{
    "name": "Lucky Foot",
    "description": "Your odds of receiving better loot from chests and fishing are highly increased!",
    "hidden": false,
    "loading_priority": 0,
    "type": "origins:multiple",
    "luck_attribute": {
        "name": "luck attribute",
        "description": "76",
        "type": "origins:attribute",
        "modifier": {
            "attribute": "minecraft:generic.luck",
            "operation": "addition",
            "value": 76
        },
        "update_health": false
    },
    "luck_potion": {
        "name": "potion effect",
        "description": "+1",
        "type": "origins:stacking_status_effect",
        "min_stacks": 1,
        "max_stacks": 1,
        "duration_per_stack": 15,
        "effect": {
            "effect": "minecraft:luck",
            "duration": 15,
            "amplifier": 0,
            "show_particles": false,
            "show_icon": false
        }
    }
}