{
    "__createdwith": "opl's Model Creator",
    "ambientocclusion": true,
    "textures": {
        "particle": "block/custom/fence/acacia",
        "planks": "block/planks_acacia"
    },
    "elements": [
        {
            "from": [7,-1,10],
            "to": [9,15,16],
            "faces": {
                "up": {
                    "uv": [0.0,0.0,2.0,6.0],
                    "texture": "#particle"
                },
                "down": {
                    "uv": [4.0,0.0,6.0,6.0],
                    "texture": "#particle"
                },
                "west": {
                    "uv": [0.0,0.0,6.0,16.0],
                    "texture": "#particle"
                },
                "east": {
                    "uv": [2.0,0.0,8.0,16.0],
                    "texture": "#particle"
                },
                "north": {
                    "uv": [0.0,0.0,2.0,16.0],
                    "texture": "#particle"
                },
                "south": {
                    "uv": [8.0,0.0,10.0,16.0],
                    "texture": "#particle"
                }
            }
        }
    ]
}