{
    "__createdwith": "opl's Model Creator",
    "ambientocclusion": true,
    "textures": {
        "particle": "block/custom/fence/birch"
    },
    "elements": [
        {
            "from": [7,0,0],
            "to": [9,16,2],
            "faces": {
                "up": {
                    "uv": [8,0,10,2],
                    "texture": "#particle"
                },
                "down": {
                    "uv": [4,0,6,2],
                    "texture": "#particle"
                },
                "west": {
                    "uv": [2,0,4,16],
                    "texture": "#particle"
                },
                "east": {
                    "uv": [0,0,2,16],
                    "texture": "#particle"
                },
                "north": {
                    "uv": [5,0,7,16],
                    "texture": "#particle"
                },
                "south": {
                    "uv": [4,0,6,16],
                    "texture": "#particle"
                }
            }
        },
        {
            "from": [7,-1,2],
            "to": [9,15,6],
            "faces": {
                "up": {
                    "uv": [8,8,10,12],
                    "texture": "#particle"
                },
                "down": {
                    "uv": [9,5,11,9],
                    "texture": "#particle"
                },
                "west": {
                    "uv": [8,0,12,16],
                    "texture": "#particle"
                },
                "east": {
                    "uv": [8,0,12,16],
                    "texture": "#particle"
                },
                "north": {
                    "uv": [0,0,2,16],
                    "texture": "#particle"
                },
                "south": {
                    "uv": [4,0,6,16],
                    "texture": "#particle"
                }
            }
        }
    ]
}