{
    "__createdwith": "opl's Model Creator",
    "ambientocclusion": true,
    "textures": {
        "particle": "block/custom/fence/dark_oak",
        "planks": "block/dark_oak_planks"
    },
    "elements": [
        {
            "from": [7,1,10],
            "to": [9,4,16],
            "faces": {
                "up": {
                    "uv": [12,5,14,11],
                    "texture": "#particle"
                },
                "down": {
                    "uv": [12,0,14,6],
                    "texture": "#particle"
                },
                "west": {
                    "uv": [2,12,8,15],
                    "texture": "#planks"
                },
                "east": {
                    "uv": [8,12,14,15],
                    "texture": "#planks"
                },
                "north": {
                    "uv": [1,10,3,13],
                    "texture": "#particle"
                },
                "south": {
                    "uv": [1,10,3,13],
                    "texture": "#particle"
                }
            }
        },
        {
            "from": [7,12,10],
            "to": [9,15,16],
            "faces": {
                "up": {
                    "uv": [1,10,3,16],
                    "texture": "#particle"
                },
                "down": {
                    "uv": [1,5,3,11],
                    "texture": "#particle"
                },
                "west": {
                    "uv": [2,0,8,3],
                    "texture": "#planks"
                },
                "east": {
                    "uv": [8,0,14,3],
                    "texture": "#planks"
                },
                "north": {
                    "uv": [1,9,3,12],
                    "texture": "#particle"
                },
                "south": {
                    "uv": [1,9,3,12],
                    "texture": "#particle"
                }
            }
        },
        {
            "from": [7,6,10],
            "to": [9,10,16],
            "faces": {
                "up": {
                    "uv": [1,0,3,6],
                    "texture": "#particle"
                },
                "down": {
                    "uv": [7,4,9,10],
                    "texture": "#particle"
                },
                "west": {
                    "uv": [2,8,8,12],
                    "texture": "#planks"
                },
                "east": {
                    "uv": [8,4,14,8],
                    "texture": "#planks"
                },
                "north": {
                    "uv": [1,9,3,13],
                    "texture": "#particle"
                },
                "south": {
                    "uv": [1,9,3,13],
                    "texture": "#particle"
                }
            }
        }
    ]
}