{
    "__createdwith": "opl's Model Creator",
    "ambientocclusion": true,
    "textures": {
        "particle": "block/custom/fence/oak",
        "planks": "block/oak_planks"
    },
    "elements": [
        {
            "from": [7,10,10],
            "to": [9,14,16],
            "faces": {
                "up": {
                    "uv": [11.0,0.0,13.0,4.0],
                    "texture": "#particle"
                },
                "down": {
                    "uv": [0.0,0.0,2.0,4.0],
                    "texture": "#particle"
                },
                "west": {
                    "uv": [4.0,5.0,10.0,9.0],
                    "texture": "#planks"
                },
                "east": {
                    "uv": [10.0,5.0,16.0,9.0],
                    "texture": "#planks"
                },
                "south": {
                    "uv": [0.0,0.0,2.0,4.0],
                    "texture": "#particle"
                }
            }
        },
        {
            "from": [7,2,10],
            "to": [9,6,16],
            "faces": {
                "up": {
                    "uv": [11.0,0.0,13.0,4.0],
                    "texture": "#particle"
                },
                "down": {
                    "uv": [0.0,0.0,2.0,4.0],
                    "texture": "#particle"
                },
                "west": {
                    "uv": [4.0,11.0,10.0,15.0],
                    "texture": "#planks"
                },
                "east": {
                    "uv": [10.0,11.0,16.0,15.0],
                    "texture": "#planks"
                },
                "south": {
                    "uv": [0.0,0.0,2.0,4.0],
                    "texture": "#particle"
                }
            }
        }
    ]
}