{
    "__createdwith": "opl's Model Creator",
    "ambientocclusion": true,
    "textures": {
        "particle": "block/custom/fence/oak",
        "planks": "block/oak_planks"
    },
    "elements": [
        {
            "from": [7,10,0],
            "to": [9,14,6],
            "faces": {
                "up": {
                    "uv": [11,0,13,4],
                    "texture": "#particle"
                },
                "down": {
                    "uv": [0,0,2,4],
                    "texture": "#particle"
                },
                "west": {
                    "uv": [10,5,16,9],
                    "texture": "#planks"
                },
                "east": {
                    "uv": [4,5,10,9],
                    "texture": "#planks"
                },
                "north": {
                    "uv": [0,0,2,4],
                    "texture": "#particle"
                }
            }
        },
        {
            "from": [7,2,0],
            "to": [9,6,6],
            "faces": {
                "up": {
                    "uv": [11,0,13,4],
                    "texture": "#particle"
                },
                "down": {
                    "uv": [0,0,2,4],
                    "texture": "#particle"
                },
                "west": {
                    "uv": [10,11,16,15],
                    "texture": "#planks"
                },
                "east": {
                    "uv": [4,11,10,15],
                    "texture": "#planks"
                },
                "north": {
                    "uv": [0,0,2,4],
                    "texture": "#particle"
                }
            }
        }
    ]
}