{
    "__createdwith": "opl's Model Creator",
    "ambientocclusion": true,
    "textures": {
        "particle": "block/custom/fence/spruce",
        "planks": "block/spruce_planks"
    },
    "elements": [
        {
            "from": [6,13,10],
            "to": [10,15,16],
            "faces": {
                "up": {
                    "uv": [11,0,15,6],
                    "texture": "#particle"
                },
                "down": {
                    "uv": [11,5,15,11],
                    "texture": "#particle"
                },
                "west": {
                    "uv": [10,0,16,2],
                    "texture": "#planks"
                },
                "east": {
                    "uv": [10,0,16,2],
                    "texture": "#planks"
                },
                "south": {
                    "texture": "#planks"
                }
            }
        },
        {
            "from": [6,3,10],
            "to": [10,5,16],
            "faces": {
                "up": {
                    "uv": [0,0,4,6],
                    "texture": "#particle"
                },
                "down": {
                    "uv": [0,4,4,10],
                    "texture": "#particle"
                },
                "west": {
                    "texture": "#planks"
                },
                "east": {
                    "texture": "#planks"
                },
                "south": {
                    "texture": "#planks"
                }
            }
        },
        {
            "from": [7,5,15],
            "to": [9,13,16],
            "faces": {
                "west": {
                    "uv": [3,2,4,10],
                    "texture": "#particle"
                },
                "east": {
                    "uv": [3,2,4,10],
                    "texture": "#particle"
                },
                "north": {
                    "uv": [7,10,9,11],
                    "texture": "#particle"
                },
                "south": {
                    "uv": [7,10,9,11],
                    "texture": "#particle"
                }
            }
        }
    ]
}