{
    "name": "Sturdy Shell",
    "description": "Crouching closes your shell, reducing the amount of damage and knockback you receive, but limits your movement speed. Tanking hits with your shell closed causes you to exhaust.",
    "type": "origins:multiple",
    "slowed": {
        "name": "crouch walk = slow",
        "description": "weh",
        "condition": {
            "type": "origins:sneaking"
        },
        "type": "origins:conditioned_attribute",
        "modifiers": [
            {
                "attribute": "minecraft:generic.movement_speed",
                "operation": "multiply_total",
                "value": -0.5
            },
            {
                "attribute": "minecraft:generic.knockback_resistance",
                "operation": "addition",
                "value": 0.5
            }
        ],
        "tick_rate": 1,
        "update_health": false
    },
    "lessdamage": {
        "name": "modify",
        "condition": {
            "type": "origins:sneaking"
        },
        "type": "origins:modify_damage_taken",
        "damage_condition": {
            "type": "origins:attacker"
        },
        "modifier": {
            "operation": "multiply_total",
            "value": -0.5
        }
    },
    "whenhurt": {
        "name": "exhaust",
        "condition": {
            "type": "origins:sneaking"
        },
        "type": "origins:action_when_hit",
        "bientity_action": {
            "type": "origins:target_action",
            "action": {
                "type": "origins:and",
                "actions": [
                    {
                        "type": "origins:exhaust",
                        "amount": 0.4
                    },
                    {
                        "type": "origins:play_sound",
                        "sound": "entity.shulker.hurt_closed",
                        "volume": 1,
                        "pitch": 0.8
                    }
                ]
            }
        },
        "damage_condition": {
            "type": "origins:attacker"
        },
        "cooldown": 1,
        "hud_render": {
            "should_render": false
        }
    },
    "crouchshell": {
        "name": "sound design",
        "condition": {
            "type": "origins:sneaking"
        },
        "type": "origins:action_over_time",
        "interval": 4,
        "rising_action": {
            "type": "origins:play_sound",
            "sound": "entity.shulker.close",
            "volume": 1,
            "pitch": 0.8
        }
    }
}