{
    "name": "Corrupted",
    "description": "Your body decays as you indulge in your unholy powers. Golden apples will partially cure you.",
    "type": "origins:resource",
    "min": 0,
    "max": 560,
    "start_value": 0,
    "hud_render": {
        "should_render": true,
        "sprite_location": "origins:textures/gui/community/huang/resource_bar_02.png",
        "bar_index": 14
    },
    "max_action": {
        "type": "origins:play_sound",
        "sound": "minecraft:entity.phantom.ambient",
        "volume": 1,
        "pitch": 0.7
    }
}