{
    "name": "Corrupted",
    "description": "Being fully corrupted causes your body to slowly wither away.",
    "hidden": true,
    "condition": {
        "type": "origins:resource",
        "resource": "pplus:pbar",
        "comparison": ">=",
        "compare_to": 560
    },
    "type": "origins:stacking_status_effect",
    "min_stacks": 0,
    "max_stacks": 5,
    "duration_per_stack": 40,
    "tick_rate": 20,
    "effect": {
        "effect": "minecraft:wither",
        "duration": 40,
        "amplifier": 1,
        "show_particles": true,
        "show_icon": true
    }
}