{
    "name": "Lucky Strike",
    "description": "Melee hits have a 1 out of 7 chance to deal 2x damage.",
    "loading_priority": 1,
    "condition": {
        "type": "origins:predicate",
        "predicate": "lepus:seventh"
    },
    "type": "origins:modify_damage_dealt",
    "damage_condition": {
        "type": "origins:name",
        "name": "player"
    },
    "modifier": {
        "operation": "multiply_total",
        "value": 1
    },
    "self_action": {
        "type": "origins:play_sound",
        "sound": "minecraft:entity.firework_rocket.blast",
        "volume": 1,
        "pitch": 0.8
    }
}