{
    "name": "Herbivore",
    "description": "You cannot eat meat.",
    "loading_priority": 0,
    "type": "origins:prevent_item_use",
    "item_condition": {
        "type": "origins:ingredient",
        "ingredient": [
            {
                "item": "minecraft:cod"
            },
            {
                "item": "minecraft:salmon"
            },
            {
                "item": "minecraft:tropical_fish"
            },
            {
                "item": "minecraft:pufferfish"
            },
            {
                "item": "minecraft:cooked_cod"
            },
            {
                "item": "minecraft:cooked_salmon"
            },
            {
                "tag": "origins:meat"
            }
        ]
    }
}