{
    "name": "hoverregain",
    "description": "getting hover back.",
    "hidden": true,
    "loading_priority": 0,
    "condition": {
        "type": "origins:or",
        "conditions": [
            {
                "type": "origins:on_block"
            },
            {
                "type": "origins:fluid_height",
                "fluid": "minecraft:lava",
                "comparison": ">=",
                "compare_to": 0.01
            },
            {
                "type": "origins:riding_root"
            }
        ]
    },
    "type": "origins:action_over_time",
    "interval": 1,
    "entity_action": {
        "type": "origins:change_resource",
        "resource": "blazebornplus:hoverbar",
        "change": 5,
        "operation": "add"
    }
}