{
    "name": "Slow Faller",
    "description": "Your falling speed is slower, partially reducing fall damage.",
    "loading_priority": 1,
    "type": "origins:multiple",
    "lowvelocity": {
        "name": "slow",
        "type": "origins:modify_falling",
        "velocity": 0.04,
        "take_fall_damage": true
    },
    "lessfall": {
        "name": "less fall damage",
        "type": "origins:modify_damage_taken",
        "damage_condition": {
            "type": "origins:name",
            "name": "fall"
        },
        "modifier": {
            "operation": "multiply_base",
            "value": -0.5
        }
    },
    "lessfallheight": {
        "name": "negates fall damage",
        "description": "but only when 6 or less blocks of falling height.",
        "condition": {
            "type": "origins:fall_distance",
            "comparison": "<=",
            "compare_to": 6
        },
        "type": "origins:modify_damage_taken",
        "damage_condition": {
            "type": "origins:name",
            "name": "fall"
        },
        "modifier": {
            "operation": "multiply_total",
            "value": -1
        }
    }
}