{"providers":[{"type":"bitmap","file":"tinkerer:emoji/bi_heart.png","height":9,"ascent":8,"chars":[""]},{"type":"bitmap","file":"tinkerer:emoji/trans_heart.png","height":9,"ascent":8,"chars":[""]},{"type":"bitmap","file":"tinkerer:emoji/pan_heart.png","height":9,"ascent":8,"chars":[""]},{"type":"bitmap","file":"tinkerer:emoji/vincian_heart.png","height":9,"ascent":8,"chars":[""]},{"type":"bitmap","file":"tinkerer:emoji/neurodiversity_heart.png","height":9,"ascent":8,"chars":[""]},{"type":"bitmap","file":"tinkerer:emoji/genderfluid_heart.png","height":9,"ascent":8,"chars":[""]},{"type":"bitmap","file":"tinkerer:emoji/aroace_heart.png","height":9,"ascent":8,"chars":[""]},{"type":"bitmap","file":"tinkerer:emoji/yeefuckinghaw.png","height":9,"ascent":8,"chars":[""]},{"type":"bitmap","file":"tinkerer:emoji/demi_heart.png","height":9,"ascent":8,"chars":[""]},{"type":"bitmap","file":"tinkerer:emoji/agender_heart.png","height":9,"ascent":8,"chars":[""]},{"type":"bitmap","file":"tinkerer:emoji/queer_heart.png","height":9,"ascent":8,"chars":[""]},{"type":"bitmap","file":"tinkerer:emoji/genderflux_heart.png","height":9,"ascent":8,"chars":[""]},{"type":"bitmap","file":"tinkerer:emoji/ace_heart.png","height":9,"ascent":8,"chars":[""]},{"type":"bitmap","file":"tinkerer:emoji/winner.png","height":9,"ascent":8,"chars":[""]},{"type":"bitmap","file":"tinkerer:emoji/blob_waaaaa.png","height":9,"ascent":8,"chars":[""]},{"type":"bitmap","file":"tinkerer:emoji/ohno.png","height":9,"ascent":8,"chars":[""]},{"type":"bitmap","file":"tinkerer:emoji/queer_prog_heart.png","height":9,"ascent":8,"chars":[""]},{"type":"bitmap","file":"tinkerer:emoji/nb_heart.png","height":9,"ascent":8,"chars":[""]},{"type":"bitmap","file":"tinkerer:emoji/uh.png","height":9,"ascent":8,"chars":[""]},{"type":"bitmap","file":"tinkerer:emoji/lesbian_heart.png","height":9,"ascent":8,"chars":[""]},{"type":"bitmap","file":"tinkerer:emoji/intersex_heart.png","height":9,"ascent":8,"chars":[""]},{"type":"bitmap","file":"tinkerer:emoji/furry_pride.png","height":9,"ascent":8,"chars":[""]},{"type":"bitmap","file":"tinkerer:emoji/femboy_heart.png","height":9,"ascent":8,"chars":[""]},{"type":"bitmap","file":"tinkerer:emoji/plural_heart.png","height":9,"ascent":8,"chars":[""]},{"type":"bitmap","file":"tinkerer:emoji/aro_heart.png","height":9,"ascent":8,"chars":[""]},{"type":"bitmap","file":"tinkerer:emoji/genderqueer_heart.png","height":9,"ascent":8,"chars":[""]}]}