{
  "id": "LUMIEXT",
  "version": 1,
  "conf": {
    "TextureResolution": 64,
    "MaterialCoverage": [
      "ApplyAll",
      "NonVanillaFriendly"
    ],
    "ApplyBumpMinerals": true,
    "ApplyBumpDefault": true,
    "ApplyToolBump": true,
    "BaseStoneRoughness": {
      "default": 7,
      "min": 1,
      "max": 10
    },
    "PolishedRoughness": {
      "default": 4,
      "min": 1,
      "max": 10
    },
    "WoodPlanksRoughness": {
      "default": 5,
      "min": 1,
      "max": 10
    }
  }
}
