{
    "name": "Arachnid+",
    "description": "Their ability to stun enemies, climb walls, and see in the dark make these Arachnids masters of stealth.",
    "powers": [
        "arachnidplus:octadic",
        "arachnidplus:climbing",
        "arachnidplus:carnivore",
        "arachnidplus:stun",
        "arachnidplus:eyes",
        "arachnidplus:master_of_webs",
        "arachnidplus:no_suffocation",
        "origins:arthropod",
        "arachnidplus:break_speed",
        "origins:master_of_webs_no_slowdown",
        "arachnidplus:pfall"
    ],
    "icon": {
        "item": "minecraft:cobweb"
    },
    "order": 1,
    "impact": 1
}