{
  "variants": {
    "type=bottom": [
		{"model": "minecraft:block/acacia_slab", "weight": 50 },
		{"model": "block/slab/acacia_a", "weight": 100 },
		{"model": "block/slab/acacia_b", "weight": 100 },
		{"model": "block/slab/acacia_c", "weight": 100 },
		{"model": "block/slab/acacia_d", "weight": 100 }
    ],
    "type=double": [
		{ "model": "minecraft:block/acacia_planks", "weight": 50 },
		{ "model": "block/planks/acacia_a", "weight": 100 },
		{ "model": "block/planks/acacia_b", "weight": 100 },
		{ "model": "block/planks/acacia_c", "weight": 100 },
		{ "model": "block/planks/acacia_d", "weight": 100 }
    ],
    "type=top": [
		{"model": "minecraft:block/acacia_slab_top", "weight": 50 },
	  	{"model": "block/slab/acacia_top_a", "weight": 100 },
		{"model": "block/slab/acacia_top_b", "weight": 100 },
		{"model": "block/slab/acacia_top_c", "weight": 100 },
		{"model": "block/slab/acacia_top_d", "weight": 100 }
	]
  }
}