{
    "variants": {
        "facing=south,in_wall=false,open=false": { "model": "block/gate/acacia_closed", "uvlock": false },
        "facing=west,in_wall=false,open=false":  { "model": "block/gate/acacia_closed", "uvlock": false, "y": 90 },
        "facing=north,in_wall=false,open=false": { "model": "block/gate/acacia_closed", "uvlock": false, "y": 180 },
        "facing=east,in_wall=false,open=false":  { "model": "block/gate/acacia_closed", "uvlock": false, "y": 270 },
        "facing=south,in_wall=false,open=true": { "model": "block/gate/acacia_open", "uvlock": false },
        "facing=west,in_wall=false,open=true":  { "model": "block/gate/acacia_open", "uvlock": false, "y": 90 },
        "facing=north,in_wall=false,open=true": { "model": "block/gate/acacia_open", "uvlock": false, "y": 180 },
        "facing=east,in_wall=false,open=true":  { "model": "block/gate/acacia_open", "uvlock": false, "y": 270 },
        "facing=south,in_wall=true,open=false": { "model": "block/gate/acacia_wall_closed", "uvlock": false },
        "facing=west,in_wall=true,open=false":  { "model": "block/gate/acacia_wall_closed", "uvlock": false, "y": 90 },
        "facing=north,in_wall=true,open=false": { "model": "block/gate/acacia_wall_closed", "uvlock": false, "y": 180 },
        "facing=east,in_wall=true,open=false":  { "model": "block/gate/acacia_wall_closed", "uvlock": false, "y": 270 },
        "facing=south,in_wall=true,open=true": { "model": "block/gate/acacia_wall_open", "uvlock": false },
        "facing=west,in_wall=true,open=true":  { "model": "block/gate/acacia_wall_open", "uvlock": false, "y": 90 },
        "facing=north,in_wall=true,open=true": { "model": "block/gate/acacia_wall_open", "uvlock": false, "y": 180 },
        "facing=east,in_wall=true,open=true":  { "model": "block/gate/acacia_wall_open", "uvlock": false, "y": 270 }
    }
}
