{
    "variants": {
        "powered=false,shape=north_south":  { "model": "block/rail/activator_off" },
        "powered=false,shape=east_west":  { "model": "block/rail/activator_off", "y": 90 },
        "powered=false,shape=ascending_east": { "model": "block/rail/activator_off_up", "y": 90 },
        "powered=false,shape=ascending_west": { "model": "block/rail/activator_off_up", "y": -90 },
        "powered=false,shape=ascending_north": { "model": "block/rail/activator_off_up" },
        "powered=false,shape=ascending_south": { "model": "block/rail/activator_off_up", "y": 180 },
        "powered=true,shape=north_south":  { "model": "block/rail/activator_on" },
        "powered=true,shape=east_west":  { "model": "block/rail/activator_on", "y": 90 },
        "powered=true,shape=ascending_east": { "model": "block/rail/activator_on_up", "y": 90 },
        "powered=true,shape=ascending_west": { "model": "block/rail/activator_on_up", "y": -90 },
        "powered=true,shape=ascending_north": { "model": "block/rail/activator_on_up" },
        "powered=true,shape=ascending_south": { "model": "block/rail/activator_on_up", "y": 180 }
    }
}
