{
    "multipart": [
        {   "apply": { "model": "block/fence/birch_post" }},
        {   "when": { "north": "true" },
            "apply": { "model": "block/fence/birch_north" }
        },
        {   "when": { "east": "true" },
            "apply": { "model": "block/fence/birch_north", "y": 90, "uvlock": true }
        },
        {   "when": { "south": "true" },
            "apply": { "model": "block/fence/birch_south" }
        },
        {   "when": { "west": "true" },
            "apply": { "model": "block/fence/birch_south", "y": 90, "uvlock": true }
        }
    ]
}
