{
  "variants": {
    "type=bottom": [
		{"model": "minecraft:block/birch_slab", "weight": 50 },
		{"model": "block/slab/birch_a", "weight": 100 },
		{"model": "block/slab/birch_b", "weight": 100 },
		{"model": "block/slab/birch_c", "weight": 100 },
		{"model": "block/slab/birch_d", "weight": 100 }
    ],
    "type=double": [
		{ "model": "minecraft:block/birch_planks", "weight": 50 },
		{ "model": "block/planks/birch_a", "weight": 100 },
		{ "model": "block/planks/birch_b", "weight": 100 },
		{ "model": "block/planks/birch_c", "weight": 100 },
		{ "model": "block/planks/birch_d", "weight": 100 }
    ],
    "type=top": [
		{"model": "minecraft:block/birch_slab_top", "weight": 50 },
	  	{"model": "block/slab/birch_top_a", "weight": 100 },
		{"model": "block/slab/birch_top_b", "weight": 100 },
		{"model": "block/slab/birch_top_c", "weight": 100 },
		{"model": "block/slab/birch_top_d", "weight": 100 }
	]
  }
}