{
  "variants": {
    "type=bottom": [
		{"model": "minecraft:block/blackstone_slab", "weight": 101 },
		{"model": "block/slab/blackstone_a", "weight": 100 },
		{"model": "block/slab/blackstone_b", "weight": 100 }
    ],
    "type=double": [
		{ "model": "minecraft:block/blackstone", "weight": 101 },
		{ "model": "block/blackstone/a", "weight": 100 },
		{ "model": "block/blackstone/b", "weight": 100 }
    ],
    "type=top": [
		{"model": "minecraft:block/blackstone_slab_top", "weight": 101 },
	  	{"model": "block/slab/blackstone_top_a", "weight": 100 },
		{"model": "block/slab/blackstone_top_b", "weight": 100 }
	]
  }
}