{
  "variants": {
    "type=bottom": [
		{"model": "minecraft:block/brick_slab", "weight": 101 },
		{"model": "block/slab/bricks_a", "weight": 100 },
		{"model": "block/slab/bricks_b", "weight": 100 },
		{"model": "block/slab/bricks_c", "weight": 100 }
    ],
    "type=double": [
		{ "model": "minecraft:block/bricks", "weight": 101 },
		{ "model": "block/bricks/a", "weight": 100 },
		{ "model": "block/bricks/b", "weight": 100 },
		{ "model": "block/bricks/c", "weight": 100 }
    ],
    "type=top": [
		{"model": "minecraft:block/brick_slab_top", "weight": 101 },
	  	{"model": "block/slab/bricks_top_a", "weight": 100 },
		{"model": "block/slab/bricks_top_b", "weight": 100 },
		{"model": "block/slab/bricks_top_c", "weight": 100 }
	]
  }
}