{
    "variants": {
        "": [
		{ "model": "block/redsandstone/chiseled", "weight": 101 },
		{ "model": "block/redsandstone/chiseled_a", "weight": 100 },
		{ "model": "block/redsandstone/chiseled_b", "weight": 100 },
		{ "model": "block/redsandstone/chiseled_c", "weight": 100 },
		{ "model": "block/redsandstone/chiseled_d", "weight": 100 },
		{ "model": "block/redsandstone/chiseled_e", "weight": 100 },
		{ "model": "block/redsandstone/chiseled_f", "weight": 100 }, 
		{ "model": "block/redsandstone/chiseled_g", "weight": 100 }, 
		{ "model": "block/redsandstone/chiseled_h", "weight": 5 },
		{ "model": "block/redsandstone/chiseled_i", "weight": 5 }
		]
    }
}
