{
    "variants": {
        "": [
		{ "model": "block/cobblestone/normal", "weight": 35 },
		{ "model": "block/cobblestone/normal_a", "weight": 30 },
		{ "model": "block/cobblestone/normal_b", "weight": 25 },
		{ "model": "block/cobblestone/normal_c", "weight": 5 },
		{ "model": "block/cobblestone/normal_d", "weight": 5 },
		{ "model": "block/cobblestone/normal_e", "weight": 5 },
		{ "model": "block/cobblestone/normal_f", "weight": 10 },
		{ "model": "block/cobblestone/normal_g", "weight": 10 }
		]
    }
}
