{
  "variants": {
    "type=bottom": [
		{"model": "minecraft:block/cobblestone_slab", "weight": 101 },
		{"model": "block/slab/cobblestone_a", "weight": 100 },
		{"model": "block/slab/cobblestone_b", "weight": 100 },
		{"model": "block/slab/cobblestone_c", "weight": 100 },
		{"model": "block/slab/cobblestone_d", "weight": 100 },
		{"model": "block/slab/cobblestone_e", "weight": 100 },
		{"model": "block/slab/cobblestone_f", "weight": 100 },
		{"model": "block/slab/cobblestone_g", "weight": 100 }
    ],
    "type=double": [
		{ "model": "block/cobblestone/normal", "weight": 100 },
		{ "model": "block/cobblestone/normal_a", "weight": 100 },
		{ "model": "block/cobblestone/normal_b", "weight": 100 },
		{ "model": "block/cobblestone/normal_c", "weight": 100 },
		{ "model": "block/cobblestone/normal_d", "weight": 100 },
		{ "model": "block/cobblestone/normal_e", "weight": 100 },
		{ "model": "block/cobblestone/normal_f", "weight": 100 },
		{ "model": "block/cobblestone/normal_g", "weight": 100 }
    ],
    "type=top": [
		{"model": "minecraft:block/cobblestone_slab_top", "weight": 101 },
	  	{"model": "block/slab/cobblestone_top_a", "weight": 100 },
		{"model": "block/slab/cobblestone_top_b", "weight": 100 },
		{"model": "block/slab/cobblestone_top_c", "weight": 100 },
		{"model": "block/slab/cobblestone_top_d", "weight": 100 },
		{"model": "block/slab/cobblestone_top_e", "weight": 100 },
		{"model": "block/slab/cobblestone_top_f", "weight": 100 },
		{"model": "block/slab/cobblestone_top_g", "weight": 100 }
	]
  }
}