{
  "variants": {
    "type=bottom": [
		{"model": "minecraft:block/cobbled_deepslate_slab", "weight": 101 },
		{"model": "block/slab/cobbled_deepslate_a", "weight": 100 },
		{"model": "block/slab/cobbled_deepslate_b", "weight": 100 },
		{"model": "block/slab/cobbled_deepslate_c", "weight": 100 },
		{"model": "block/slab/cobbled_deepslate_d", "weight": 100 },
		{"model": "block/slab/cobbled_deepslate_e", "weight": 100 }
    ],
    "type=double": [
		{ "model": "minecraft:block/cobbled_deepslate", "weight": 101 },
		{ "model": "block/cobbleddeepslate/a", "weight": 100 },
		{ "model": "block/cobbleddeepslate/b", "weight": 100 },
		{ "model": "block/cobbleddeepslate/c", "weight": 100 },
		{ "model": "block/cobbleddeepslate/d", "weight": 100 },
		{ "model": "block/cobbleddeepslate/e", "weight": 100 }
    ],
    "type=top": [
		{"model": "minecraft:block/cobbled_deepslate_slab_top", "weight": 101 },
	  	{"model": "block/slab/cobbled_deepslate_top_a", "weight": 100 },
		{"model": "block/slab/cobbled_deepslate_top_b", "weight": 100 },
		{"model": "block/slab/cobbled_deepslate_top_c", "weight": 100 },
		{"model": "block/slab/cobbled_deepslate_top_d", "weight": 100 },
		{"model": "block/slab/cobbled_deepslate_top_e", "weight": 100 }
	]
  }
}