{
  "variants": {
    "facing=east,half=bottom,shape=inner_left": {
      "model": "minecraft:block/cobblestone_stairs_inner",
      "y": 270,
      "uvlock": true
    },
    "facing=east,half=bottom,shape=inner_right": {
      "model": "minecraft:block/cobblestone_stairs_inner"
    },
    "facing=east,half=bottom,shape=outer_left": {
      "model": "minecraft:block/cobblestone_stairs_outer",
      "y": 270,
      "uvlock": true
    },
    "facing=east,half=bottom,shape=outer_right": {
      "model": "minecraft:block/cobblestone_stairs_outer"
    },
    "facing=east,half=bottom,shape=straight": [
      {"model": "minecraft:block/cobblestone_stairs", "uvlock": true },
	  {"model": "block/stairs/cobblestone_a", "uvlock": true },
	  {"model": "block/stairs/cobblestone_b", "uvlock": true },
	  {"model": "block/stairs/cobblestone_c", "uvlock": true },
	  {"model": "block/stairs/cobblestone_d", "uvlock": true },
	  {"model": "block/stairs/cobblestone_e", "uvlock": true },
	  {"model": "block/stairs/cobblestone_f", "uvlock": true },
	  {"model": "block/stairs/cobblestone_g", "uvlock": true }
    ],
    "facing=east,half=top,shape=inner_left": {
      "model": "minecraft:block/cobblestone_stairs_inner",
      "x": 180,
      "uvlock": true
    },
    "facing=east,half=top,shape=inner_right": {
      "model": "minecraft:block/cobblestone_stairs_inner",
      "x": 180,
      "y": 90,
      "uvlock": true
    },
    "facing=east,half=top,shape=outer_left": {
      "model": "minecraft:block/cobblestone_stairs_outer",
      "x": 180,
      "uvlock": true
    },
    "facing=east,half=top,shape=outer_right": {
      "model": "minecraft:block/cobblestone_stairs_outer",
      "x": 180,
      "y": 90,
      "uvlock": true
    },
    "facing=east,half=top,shape=straight": [
      {"model": "minecraft:block/cobblestone_stairs", "x": 180, "uvlock": true },
	  {"model": "block/stairs/cobblestone_a", "x": 180, "uvlock": true },
	  {"model": "block/stairs/cobblestone_b", "x": 180, "uvlock": true },
	  {"model": "block/stairs/cobblestone_c", "x": 180, "uvlock": true },
	  {"model": "block/stairs/cobblestone_d", "x": 180, "uvlock": true },
	  {"model": "block/stairs/cobblestone_e", "x": 180, "uvlock": true },
	  {"model": "block/stairs/cobblestone_f", "x": 180, "uvlock": true },
	  {"model": "block/stairs/cobblestone_g", "x": 180, "uvlock": true }
    ],
    "facing=north,half=bottom,shape=inner_left": {
      "model": "minecraft:block/cobblestone_stairs_inner",
      "y": 180,
      "uvlock": true
    },
    "facing=north,half=bottom,shape=inner_right": {
      "model": "minecraft:block/cobblestone_stairs_inner",
      "y": 270,
      "uvlock": true
    },
    "facing=north,half=bottom,shape=outer_left": {
      "model": "minecraft:block/cobblestone_stairs_outer",
      "y": 180,
      "uvlock": true
    },
    "facing=north,half=bottom,shape=outer_right": {
      "model": "minecraft:block/cobblestone_stairs_outer",
      "y": 270,
      "uvlock": true
    },
    "facing=north,half=bottom,shape=straight": [
      {"model": "minecraft:block/cobblestone_stairs", "y": 270, "uvlock": true },
	  {"model": "block/stairs/cobblestone_a", "y": 270, "uvlock": true },
	  {"model": "block/stairs/cobblestone_b", "y": 270, "uvlock": true },
	  {"model": "block/stairs/cobblestone_c", "y": 270, "uvlock": true },
	  {"model": "block/stairs/cobblestone_d", "y": 270, "uvlock": true },
	  {"model": "block/stairs/cobblestone_e", "y": 270, "uvlock": true },
	  {"model": "block/stairs/cobblestone_f", "y": 270, "uvlock": true },
	  {"model": "block/stairs/cobblestone_g", "y": 270, "uvlock": true }
    ],
    "facing=north,half=top,shape=inner_left": {
      "model": "minecraft:block/cobblestone_stairs_inner",
      "x": 180,
      "y": 270,
      "uvlock": true
    },
    "facing=north,half=top,shape=inner_right": {
      "model": "minecraft:block/cobblestone_stairs_inner",
      "x": 180,
      "uvlock": true
    },
    "facing=north,half=top,shape=outer_left": {
      "model": "minecraft:block/cobblestone_stairs_outer",
      "x": 180,
      "y": 270,
      "uvlock": true
    },
    "facing=north,half=top,shape=outer_right": {
      "model": "minecraft:block/cobblestone_stairs_outer",
      "x": 180,
      "uvlock": true
    },
    "facing=north,half=top,shape=straight": [
      {"model": "minecraft:block/cobblestone_stairs", "x": 180, "y": 270, "uvlock": true },
	  {"model": "block/stairs/cobblestone_a", "x": 180, "y": 270, "uvlock": true },
	  {"model": "block/stairs/cobblestone_b", "x": 180, "y": 270, "uvlock": true },
	  {"model": "block/stairs/cobblestone_c", "x": 180, "y": 270, "uvlock": true },
	  {"model": "block/stairs/cobblestone_d", "x": 180, "y": 270, "uvlock": true },
	  {"model": "block/stairs/cobblestone_e", "x": 180, "y": 270, "uvlock": true },
	  {"model": "block/stairs/cobblestone_f", "x": 180, "y": 270, "uvlock": true },
	  {"model": "block/stairs/cobblestone_g", "x": 180, "y": 270, "uvlock": true }
    ],
    "facing=south,half=bottom,shape=inner_left": {
      "model": "minecraft:block/cobblestone_stairs_inner"
    },
    "facing=south,half=bottom,shape=inner_right": {
      "model": "minecraft:block/cobblestone_stairs_inner",
      "y": 90,
      "uvlock": true
    },
    "facing=south,half=bottom,shape=outer_left": {
      "model": "minecraft:block/cobblestone_stairs_outer"
    },
    "facing=south,half=bottom,shape=outer_right": {
      "model": "minecraft:block/cobblestone_stairs_outer",
      "y": 90,
      "uvlock": true
    },
    "facing=south,half=bottom,shape=straight": [
      {"model": "minecraft:block/cobblestone_stairs","y": 90, "uvlock": true },
	  {"model": "block/stairs/cobblestone_a", "y": 90, "uvlock": true },
	  {"model": "block/stairs/cobblestone_b", "y": 90, "uvlock": true },
	  {"model": "block/stairs/cobblestone_c", "y": 90, "uvlock": true },
	  {"model": "block/stairs/cobblestone_d", "y": 90, "uvlock": true },
	  {"model": "block/stairs/cobblestone_e", "y": 90, "uvlock": true },
	  {"model": "block/stairs/cobblestone_f", "y": 90, "uvlock": true },
	  {"model": "block/stairs/cobblestone_g", "y": 90, "uvlock": true }
    ],
    "facing=south,half=top,shape=inner_left": {
      "model": "minecraft:block/cobblestone_stairs_inner",
      "x": 180,
      "y": 90,
      "uvlock": true
    },
    "facing=south,half=top,shape=inner_right": {
      "model": "minecraft:block/cobblestone_stairs_inner",
      "x": 180,
      "y": 180,
      "uvlock": true
    },
    "facing=south,half=top,shape=outer_left": {
      "model": "minecraft:block/cobblestone_stairs_outer",
      "x": 180,
      "y": 90,
      "uvlock": true
    },
    "facing=south,half=top,shape=outer_right": {
      "model": "minecraft:block/cobblestone_stairs_outer",
      "x": 180,
      "y": 180,
      "uvlock": true
    },
    "facing=south,half=top,shape=straight": [
      {"model": "minecraft:block/cobblestone_stairs", "x": 180, "y": 90, "uvlock": true },
	  {"model": "block/stairs/cobblestone_a", "x": 180, "y": 90, "uvlock": true },
	  {"model": "block/stairs/cobblestone_b", "x": 180, "y": 90, "uvlock": true },
	  {"model": "block/stairs/cobblestone_c", "x": 180, "y": 90, "uvlock": true },
	  {"model": "block/stairs/cobblestone_d", "x": 180, "y": 90, "uvlock": true },
	  {"model": "block/stairs/cobblestone_e", "x": 180, "y": 90, "uvlock": true },
	  {"model": "block/stairs/cobblestone_f", "x": 180, "y": 90, "uvlock": true },
	  {"model": "block/stairs/cobblestone_g", "x": 180, "y": 90, "uvlock": true }
    ],
    "facing=west,half=bottom,shape=inner_left": {
      "model": "minecraft:block/cobblestone_stairs_inner",
      "y": 90,
      "uvlock": true
    },
    "facing=west,half=bottom,shape=inner_right": {
      "model": "minecraft:block/cobblestone_stairs_inner",
      "y": 180,
      "uvlock": true
    },
    "facing=west,half=bottom,shape=outer_left": {
      "model": "minecraft:block/cobblestone_stairs_outer",
      "y": 90,
      "uvlock": true
    },
    "facing=west,half=bottom,shape=outer_right": {
      "model": "minecraft:block/cobblestone_stairs_outer",
      "y": 180,
      "uvlock": true
    },
    "facing=west,half=bottom,shape=straight": [
      {"model": "minecraft:block/cobblestone_stairs", "y": 180, "uvlock": true },
	  {"model": "block/stairs/cobblestone_a", "y": 180, "uvlock": true },
	  {"model": "block/stairs/cobblestone_b", "y": 180, "uvlock": true },
	  {"model": "block/stairs/cobblestone_c", "y": 180, "uvlock": true },
	  {"model": "block/stairs/cobblestone_d", "y": 180, "uvlock": true },
	  {"model": "block/stairs/cobblestone_e", "y": 180, "uvlock": true },
	  {"model": "block/stairs/cobblestone_f", "y": 180, "uvlock": true },
	  {"model": "block/stairs/cobblestone_g", "y": 180, "uvlock": true }
    ],
    "facing=west,half=top,shape=inner_left": {
      "model": "minecraft:block/cobblestone_stairs_inner",
      "x": 180,
      "y": 180,
      "uvlock": true
    },
    "facing=west,half=top,shape=inner_right": {
      "model": "minecraft:block/cobblestone_stairs_inner",
      "x": 180,
      "y": 270,
      "uvlock": true
    },
    "facing=west,half=top,shape=outer_left": {
      "model": "minecraft:block/cobblestone_stairs_outer",
      "x": 180,
      "y": 180,
      "uvlock": true
    },
    "facing=west,half=top,shape=outer_right": {
      "model": "minecraft:block/cobblestone_stairs_outer",
      "x": 180,
      "y": 270,
      "uvlock": true
    },
    "facing=west,half=top,shape=straight": [
      {"model": "minecraft:block/cobblestone_stairs", "x": 180, "y": 180, "uvlock": true },
	  {"model": "block/stairs/cobblestone_a", "x": 180, "y": 180, "uvlock": true },
	  {"model": "block/stairs/cobblestone_b", "x": 180, "y": 180, "uvlock": true },
	  {"model": "block/stairs/cobblestone_c", "x": 180, "y": 180, "uvlock": true },
	  {"model": "block/stairs/cobblestone_d", "x": 180, "y": 180, "uvlock": true },
	  {"model": "block/stairs/cobblestone_e", "x": 180, "y": 180, "uvlock": true },
	  {"model": "block/stairs/cobblestone_f", "x": 180, "y": 180, "uvlock": true },
	  {"model": "block/stairs/cobblestone_g", "x": 180, "y": 180, "uvlock": true }
    ]
  }
}