{
  "variants": {
    "type=bottom": [
		{"model": "minecraft:block/crimson_slab", "weight": 50 },
		{"model": "block/slab/crimson_a", "weight": 100 },
		{"model": "block/slab/crimson_b", "weight": 100 },
		{"model": "block/slab/crimson_c", "weight": 100 }
    ],
    "type=double": [
		{ "model": "minecraft:block/crimson_planks", "weight": 50 },
		{ "model": "block/planks/crimson_a", "weight": 100 },
		{ "model": "block/planks/crimson_b", "weight": 100 },
		{ "model": "block/planks/crimson_c", "weight": 100 }
    ],
    "type=top": [
		{"model": "minecraft:block/crimson_slab_top", "weight": 50 },
	  	{"model": "block/slab/crimson_top_a", "weight": 100 },
		{"model": "block/slab/crimson_top_b", "weight": 100 },
		{"model": "block/slab/crimson_top_c", "weight": 100 }
	]
  }
}