{
    "variants": {
        "axis=y": [
		{ "model": "block/deepslate/normal", "weight": 3 },
		{ "model": "block/deepslate/a", "weight": 3 },
		{ "model": "block/deepslate/b", "weight": 3 }
		],
        "axis=z": [
		{ "model": "block/deepslate/normal", "weight": 3, "x": 90 },
		{ "model": "block/deepslate/a", "weight": 3, "x": 90 },
		{ "model": "block/deepslate/b", "weight": 3, "x": 90 }
		],
        "axis=x": [
		{ "model": "block/deepslate/normal", "weight": 3, "x": 90, "y": 90 },
		{ "model": "block/deepslate/a", "weight": 3, "x": 90, "y": 90 },
		{ "model": "block/deepslate/b", "weight": 3, "x": 90, "y": 90 }
		]
    }
}
