{
    "variants": {
        "": [
		{ "model": "block/deepslate_bricks", "weight": 101 },
		{ "model": "block/deepslatebricks/a", "weight": 100 },
		{ "model": "block/deepslatebricks/b", "weight": 100 },
		{ "model": "block/deepslatebricks/c", "weight": 100 },
		{ "model": "block/deepslatebricks/d", "weight": 100 },
		{ "model": "block/deepslatebricks/e", "weight": 100 },
		{ "model": "block/deepslatebricks/f", "weight": 15 },
		{ "model": "block/deepslatebricks/g", "weight": 15 },
		{ "model": "block/deepslatebricks/h", "weight": 15 }
		]
    }
}
