{
  "variants": {
    "type=bottom": [
		{"model": "minecraft:block/deepslate_brick_slab", "weight": 101 },
		{"model": "block/slab/deepslate_brick_a", "weight": 100 },
		{"model": "block/slab/deepslate_brick_b", "weight": 100 },
		{"model": "block/slab/deepslate_brick_c", "weight": 100 },
		{"model": "block/slab/deepslate_brick_d", "weight": 100 },
		{"model": "block/slab/deepslate_brick_e", "weight": 100 },
		{"model": "block/slab/deepslate_brick_f", "weight": 100 },
		{"model": "block/slab/deepslate_brick_g", "weight": 100 },
		{"model": "block/slab/deepslate_brick_h", "weight": 100 }
    ],
    "type=double": [
		{ "model": "minecraft:block/deepslate_bricks", "weight": 101 },
		{ "model": "block/deepslatebricks/a", "weight": 100 },
		{ "model": "block/deepslatebricks/b", "weight": 100 },
		{ "model": "block/deepslatebricks/c", "weight": 100 },
		{ "model": "block/deepslatebricks/d", "weight": 100 },
		{ "model": "block/deepslatebricks/e", "weight": 100 },
		{ "model": "block/deepslatebricks/f", "weight": 100 },
		{ "model": "block/deepslatebricks/g", "weight": 100 },
		{ "model": "block/deepslatebricks/h", "weight": 100 }
    ],
    "type=top": [
		{"model": "minecraft:block/deepslate_brick_slab_top", "weight": 101 },
	  	{"model": "block/slab/deepslate_brick_top_a", "weight": 100 },
		{"model": "block/slab/deepslate_brick_top_b", "weight": 100 },
		{"model": "block/slab/deepslate_brick_top_c", "weight": 100 },
		{"model": "block/slab/deepslate_brick_top_d", "weight": 100 },
		{"model": "block/slab/deepslate_brick_top_e", "weight": 100 },
		{"model": "block/slab/deepslate_brick_top_f", "weight": 100 },
		{"model": "block/slab/deepslate_brick_top_g", "weight": 100 },
		{"model": "block/slab/deepslate_brick_top_h", "weight": 100 }
	]
  }
}