{
  "variants": {
    "type=bottom": [
		{"model": "minecraft:block/deepslate_tile_slab", "weight": 101 },
		{"model": "block/slab/deepslate_tile_a", "weight": 100 },
		{"model": "block/slab/deepslate_tile_b", "weight": 100 },
		{"model": "block/slab/deepslate_tile_c", "weight": 100 },
		{"model": "block/slab/deepslate_tile_d", "weight": 100 }
    ],
    "type=double": [
		{ "model": "minecraft:block/deepslate_tiles", "weight": 101 },
		{ "model": "block/deepslatetiles/a", "weight": 100 },
		{ "model": "block/deepslatetiles/b", "weight": 100 },
		{ "model": "block/deepslatetiles/c", "weight": 100 },
		{ "model": "block/deepslatetiles/d", "weight": 100 }
    ],
    "type=top": [
		{"model": "minecraft:block/deepslate_tile_slab_top", "weight": 101 },
	  	{"model": "block/slab/deepslate_tile_top_a", "weight": 100 },
		{"model": "block/slab/deepslate_tile_top_b", "weight": 100 },
		{"model": "block/slab/deepslate_tile_top_c", "weight": 100 },
		{"model": "block/slab/deepslate_tile_top_d", "weight": 100 }
	]
  }
}