{
  "variants": {
    "type=bottom": [
		{"model": "minecraft:block/diorite_slab", "weight": 101 },
		{"model": "block/slab/diorite_a", "weight": 100 },
		{"model": "block/slab/diorite_b", "weight": 100 },
		{"model": "block/slab/diorite_c", "weight": 100 },
		{"model": "block/slab/diorite_d", "weight": 100 }
    ],
    "type=double": [
		{ "model": "minecraft:block/diorite", "weight": 101 },
		{ "model": "block/diorite/a", "weight": 100 },
		{ "model": "block/diorite/b", "weight": 100 },
		{ "model": "block/diorite/c", "weight": 100 },
		{ "model": "block/diorite/d", "weight": 100 }
    ],
    "type=top": [
		{"model": "minecraft:block/diorite_slab_top", "weight": 101 },
	  	{"model": "block/slab/diorite_top_a", "weight": 100 },
		{"model": "block/slab/diorite_top_b", "weight": 100 },
		{"model": "block/slab/diorite_top_c", "weight": 100 },
		{"model": "block/slab/diorite_top_d", "weight": 100 }
	]
  }
}