{
    "variants": {
        "": [
		{ "model": "block/dirt", "weight": 101 },
		{ "model": "block/dirt/a", "weight":  100 },
		{ "model": "block/dirt/b", "weight":  100 },
		{ "model": "block/dirt/c", "weight":  100 },
		{ "model": "block/dirt/d", "weight":   25 },
		{ "model": "block/dirt/e", "weight":   25 },
		{ "model": "block/dirt/f", "weight":   25 },
		{ "model": "block/dirt/g", "weight":   25 },
		{ "model": "block/dirt/g", "weight":   25, "x": 90, "y": 90, "z": 90  },
		{ "model": "block/dirt/g", "weight":   25, "x":180, "y":180, "z":180  },
		{ "model": "block/dirt/g", "weight":   25, "x":270, "y":270, "z":270  }
		]
    }
}
