{
  "variants": {
    "type=bottom": [
		{"model": "minecraft:block/granite_slab", "weight": 101 },
		{"model": "block/slab/granite_a", "weight": 100 },
		{"model": "block/slab/granite_b", "weight": 100 }
    ],
    "type=double": [
		{ "model": "minecraft:block/granite", "weight": 101 },
		{ "model": "block/granite/a", "weight": 100 },
		{ "model": "block/granite/b", "weight": 100 }
    ],
    "type=top": [
		{"model": "minecraft:block/granite_slab_top", "weight": 101 },
	  	{"model": "block/slab/granite_top_a", "weight": 100 },
		{"model": "block/slab/granite_top_b", "weight": 100 }
	]
  }
}