{
    "variants": {
        "": [
		{ "model": "block/terracotta/gray", "weight":100 },
		{ "model": "block/terracotta/gray", "weight":100, "y":90 },
		{ "model": "block/terracotta/gray", "weight":100, "y":180 },
		{ "model": "block/terracotta/gray", "weight":100, "y":270 },
		
		{ "model": "block/terracotta/gray_a", "weight":200 },
		{ "model": "block/terracotta/gray_a", "weight":200, "x":90 },
		{ "model": "block/terracotta/gray_a", "weight":200, "x":180 },
		{ "model": "block/terracotta/gray_a", "weight":200, "x":270 }
		]
    }
}
