{
  "variants": {
    "type=bottom": [
		{"model": "minecraft:block/jungle_slab", "weight": 50 },
		{"model": "block/slab/jungle_a", "weight": 100 },
		{"model": "block/slab/jungle_b", "weight": 100 },
		{"model": "block/slab/jungle_c", "weight": 100 }
    ],
    "type=double": [
		{ "model": "minecraft:block/jungle_planks", "weight": 50 },
		{ "model": "block/planks/jungle_a", "weight": 100 },
		{ "model": "block/planks/jungle_b", "weight": 100 },
		{ "model": "block/planks/jungle_c", "weight": 100 }
    ],
    "type=top": [
		{"model": "minecraft:block/jungle_slab_top", "weight": 50 },
	  	{"model": "block/slab/jungle_top_a", "weight": 100 },
		{"model": "block/slab/jungle_top_b", "weight": 100 },
		{"model": "block/slab/jungle_top_c", "weight": 100 }
	]
  }
}