{
    "variants": {
        "": [
		{ "model": "block/lilypad/normal", "weight": 300 },
		{ "model": "block/lilypad/normal", "y": 90, "weight": 300 },
		{ "model": "block/lilypad/normal", "y": 180, "weight": 300 },
		{ "model": "block/lilypad/normal", "y": 270, "weight": 300 },
		
		{ "model": "block/lilypad/flower_a", "weight": 99 },
		{ "model": "block/lilypad/flower_a", "y": 90, "weight": 99 },
		{ "model": "block/lilypad/flower_a", "y": 180, "weight": 99 },
		{ "model": "block/lilypad/flower_a", "y": 270, "weight": 99 },
		
		{ "model": "block/lilypad/flower_b", "weight": 99 },
		{ "model": "block/lilypad/flower_b", "y": 90, "weight": 99 },
		{ "model": "block/lilypad/flower_b", "y": 180, "weight": 99 },
		{ "model": "block/lilypad/flower_b", "y": 270, "weight": 99 },
		
		{ "model": "block/lilypad/flower_c", "weight": 99 },
		{ "model": "block/lilypad/flower_c", "y": 90, "weight": 99 },
		{ "model": "block/lilypad/flower_c", "y": 180, "weight": 99 },
		{ "model": "block/lilypad/flower_c", "y": 270, "weight": 99 }
		]
    }
}
