{
    "variants": {
        "snowy=false": [
			{ "model": "block/mycelium", "weight": 301 },
            { "model": "block/mycelium", "y": 90, "weight": 300 },
            { "model": "block/mycelium", "y": 180, "weight": 300 },
            { "model": "block/mycelium", "y": 270, "weight": 300 },
			
			{ "model": "block/mycelium/a", "weight": 300 },
            { "model": "block/mycelium/a", "y": 90, "weight": 300 },
            { "model": "block/mycelium/a", "y": 180, "weight": 300 },
            { "model": "block/mycelium/a", "y": 270, "weight": 300 }
		],
        "snowy=true": { "model": "block/mycelium/snow" }
    }
}
