{
    "variants": {
        "": [
		{ "model": "block/netherrack", "weight":101 },
		{ "model": "block/netherrack", "weight":100, "x":90, "y":90, "z":90 },
		{ "model": "block/netherrack", "weight":100, "x":180, "y":180, "z":180 },
		{ "model": "block/netherrack", "weight":100, "x":270, "y":270, "z":270 },
		
		{ "model": "block/netherrack/a", "weight":101 },
		{ "model": "block/netherrack/a", "weight":100, "x":90, "y":90, "z":90 },
		{ "model": "block/netherrack/a", "weight":100, "x":180, "y":180, "z":180 },
		{ "model": "block/netherrack/a", "weight":100, "x":270, "y":270, "z":270 },
		
		{ "model": "block/netherrack/b", "weight":101 },
		{ "model": "block/netherrack/b", "weight":100, "x":90, "y":90, "z":90 },
		{ "model": "block/netherrack/b", "weight":100, "x":180, "y":180, "z":180 },
		{ "model": "block/netherrack/b", "weight":100, "x":270, "y":270, "z":270 }
		]
    }
}