{
  "variants": {
    "type=bottom": [
		{"model": "minecraft:block/nether_brick_slab", "weight": 101 },
		{"model": "block/slab/nether_brick_a", "weight": 100 },
		{"model": "block/slab/nether_brick_b", "weight": 100 },
		{"model": "block/slab/nether_brick_c", "weight": 100 }
    ],
    "type=double": [
		{ "model": "minecraft:block/nether_bricks", "weight":101 },
		{ "model": "block/netherbricks/a", "weight":100 },
		{ "model": "block/netherbricks/b", "weight":100 },
		{ "model": "block/netherbricks/c", "weight":100 }
	],
    "type=top": [
		{"model": "minecraft:block/nether_brick_slab_top", "weight": 101 },
	  	{"model": "block/slab/nether_brick_top_a", "weight": 100 },
		{"model": "block/slab/nether_brick_top_b", "weight": 100 },
		{"model": "block/slab/nether_brick_top_c", "weight": 100 }
	]
  }
}