{
  "variants": {
    "type=bottom": [
		{"model": "minecraft:block/oak_slab", "weight": 50 },
		{"model": "block/slab/oak_a", "weight": 100 },
		{"model": "block/slab/oak_b", "weight": 100 },
		{"model": "block/slab/oak_c", "weight": 100 },
		{"model": "block/slab/oak_d", "weight": 100 }
    ],
    "type=double": [
		{ "model": "minecraft:block/oak_planks", "weight": 50 },
		{ "model": "block/planks/oak_a", "weight": 100 },
		{ "model": "block/planks/oak_b", "weight": 100 },
		{ "model": "block/planks/oak_c", "weight": 100 },
		{ "model": "block/planks/oak_d", "weight": 100 }
    ],
    "type=top": [
		{"model": "minecraft:block/oak_slab_top", "weight": 50 },
	  	{"model": "block/slab/oak_top_a", "weight": 100 },
		{"model": "block/slab/oak_top_b", "weight": 100 },
		{"model": "block/slab/oak_top_c", "weight": 100 },
		{"model": "block/slab/oak_top_d", "weight": 100 }
	]
  }
}