{
  "variants": {
    "thickness=base,vertical_direction=down": {
      "model": "minecraft:block/pointed_dripstone_up_base", "x": 180
    },
    "thickness=base,vertical_direction=up": {
      "model": "minecraft:block/pointed_dripstone_up_base"
    },
    "thickness=frustum,vertical_direction=down": {
      "model": "minecraft:block/pointed_dripstone_up_frustum", "x": 180
    },
    "thickness=frustum,vertical_direction=up": {
      "model": "minecraft:block/pointed_dripstone_up_frustum"
    },
    "thickness=middle,vertical_direction=down": {
      "model": "minecraft:block/pointed_dripstone_up_middle", "x": 180
    },
    "thickness=middle,vertical_direction=up": {
      "model": "minecraft:block/pointed_dripstone_up_middle"
    },
    "thickness=tip,vertical_direction=down": {
      "model": "minecraft:block/pointed_dripstone_up_tip", "x": 180
    },
    "thickness=tip,vertical_direction=up": {
      "model": "minecraft:block/pointed_dripstone_up_tip"
    },
    "thickness=tip_merge,vertical_direction=down": {
      "model": "minecraft:block/pointed_dripstone_up_tip_merge", "x": 180
    },
    "thickness=tip_merge,vertical_direction=up": {
      "model": "minecraft:block/pointed_dripstone_up_tip_merge"
    }
  }
}