{
    "variants": {
        "shape=north_south": { "model": "block/rail/normal" },
        "shape=east_west": { "model": "block/rail/normal", "y": 90 },
        "shape=ascending_east": { "model": "block/rail/normal_up", "y": 90 },
        "shape=ascending_west": { "model": "block/rail/normal_up", "y": -90 },
        "shape=ascending_north": { "model": "block/rail/normal_up" },
        "shape=ascending_south": { "model": "block/rail/normal_up", "y": 180 },
        "shape=south_east": { "model": "block/rail/normal_turned" },
        "shape=south_west": { "model": "block/rail/normal_turned", "y": 90 },
        "shape=north_west": { "model": "block/rail/normal_turned", "y": 180 },
        "shape=north_east": { "model": "block/rail/normal_turned", "y": 270 }
    }
}
