{
    "variants": {
        "": [
		{ "model": "block/red_sand", "weight": 151 },
		{ "model": "block/redsand/a", "weight": 150 },
		{ "model": "block/redsand/b", "weight": 50 },
		{ "model": "block/redsand/c", "weight": 50 },
		{ "model": "block/redsand/d", "weight": 50 },
		{ "model": "block/redsand/e", "weight": 30 },
		{ "model": "block/redsand/stone_a", "weight": 5 },
		{ "model": "block/redsand/stone_b", "weight": 5 },
		{ "model": "block/redsand/skull_a", "weight": 1 }
		]
    }
}
