{
  "variants": {
    "type=bottom": [
		{"model": "minecraft:block/sandstone_slab", "weight": 101 },
		{"model": "block/slab/sandstone_a", "weight": 100 },
		{"model": "block/slab/sandstone_b", "weight": 100 },
		{"model": "block/slab/sandstone_c", "weight": 100 }
    ],
    "type=double": [
		{ "model": "block/sandstone", "weight":101 },
		{ "model": "block/sandstone/a", "weight":101 },
		{ "model": "block/sandstone/b", "weight":101 },
		{ "model": "block/sandstone/c", "weight":101 }
	],
    "type=top": [
		{"model": "minecraft:block/sandstone_slab_top", "weight": 101 },
	  	{"model": "block/slab/sandstone_top_a", "weight": 100 },
		{"model": "block/slab/sandstone_top_b", "weight": 100 },
		{"model": "block/slab/sandstone_top_c", "weight": 100 }
	]
  }
}