{
    "variants": {
        "layers=1":  [
        { "model": "block/snow_height2" },
        { "model": "block/snow_height2", "y": 90 },
        { "model": "block/snow_height2", "y": 180 },
        { "model": "block/snow_height2", "y": 270 }
		],
        "layers=2":  [
        { "model": "block/snow_height4" },
        { "model": "block/snow_height4", "y": 90 },
        { "model": "block/snow_height4", "y": 180 },
        { "model": "block/snow_height4", "y": 270 }
		],
        "layers=3":  [
        { "model": "block/snow_height6" },
        { "model": "block/snow_height6", "y": 90 },
        { "model": "block/snow_height6", "y": 180 },
        { "model": "block/snow_height6", "y": 270 }
		],
        "layers=4":  [
        { "model": "block/snow_height8" },
        { "model": "block/snow_height8", "y": 90 },
        { "model": "block/snow_height8", "y": 180 },
        { "model": "block/snow_height8", "y": 270 }
		],
        "layers=5":  [
        { "model": "block/snow_height10" },
        { "model": "block/snow_height10", "y": 90 },
        { "model": "block/snow_height10", "y": 180 },
        { "model": "block/snow_height10", "y": 270 }
		],
        "layers=6":  [
        { "model": "block/snow_height12" },
        { "model": "block/snow_height12", "y": 90 },
        { "model": "block/snow_height12", "y": 180 },
        { "model": "block/snow_height12", "y": 270 }
		],
        "layers=7":  [
        { "model": "block/snow_height14" },
        { "model": "block/snow_height14", "y": 90 },
        { "model": "block/snow_height14", "y": 180 },
        { "model": "block/snow_height14", "y": 270 }
		],
        "layers=8": [
		{ "model": "block/snow_block", "weight":100 },
		{ "model": "block/snow_block", "weight":100, "x":90, "y":90, "z":90 },
		{ "model": "block/snow_block", "weight":100, "x":180, "y":180, "z":180 },
		{ "model": "block/snow_block", "weight":100, "x":270, "y":270, "z":270 }
		]
    }
}
