{
  "variants": {
    "type=bottom": [
		{"model": "minecraft:block/spruce_slab", "weight": 50 },
		{"model": "block/slab/spruce_a", "weight": 100 },
		{"model": "block/slab/spruce_b", "weight": 100 },
		{"model": "block/slab/spruce_c", "weight": 100 }
    ],
    "type=double": [
		{ "model": "minecraft:block/spruce_planks", "weight": 50 },
		{ "model": "block/planks/spruce_a", "weight": 100 },
		{ "model": "block/planks/spruce_b", "weight": 100 },
		{ "model": "block/planks/spruce_c", "weight": 100 }
    ],
    "type=top": [
		{"model": "minecraft:block/spruce_slab_top", "weight": 50 },
	  	{"model": "block/slab/spruce_top_a", "weight": 100 },
		{"model": "block/slab/spruce_top_b", "weight": 100 },
		{"model": "block/slab/spruce_top_c", "weight": 100 }
	]
  }
}