{
    "variants": {
        "": [
		{ "model": "block/stone_bricks", "weight": 101 },
		{ "model": "block/stonebricks/a", "weight": 100 },
		{ "model": "block/stonebricks/b", "weight": 100 },
		{ "model": "block/stonebricks/c", "weight": 100 },
		{ "model": "block/stonebricks/d", "weight": 100 },
		{ "model": "block/stonebricks/e", "weight": 100 },
		{ "model": "block/stonebricks/f", "weight": 15 },
		{ "model": "block/stonebricks/g", "weight": 15 },
		{ "model": "block/stonebricks/h", "weight": 15 }
		]
    }
}
