{
  "variants": {
    "type=bottom": [
		{"model": "minecraft:block/stone_slab", "weight": 101 },
		{"model": "block/slab/stone_a", "weight": 100 },
		{"model": "block/slab/stone_b", "weight": 100 },
		{"model": "block/slab/stone_c", "weight": 100 },
		{"model": "block/slab/stone_d", "weight": 100 },
		{"model": "block/slab/stone_e", "weight": 100 },
		{"model": "block/slab/stone_f", "weight": 100 }
    ],
    "type=double": [
		{ "model": "block/stone/a", "weight": 100 },
		{ "model": "block/stone/b", "weight": 100 },
		{ "model": "block/stone/c", "weight": 100 },
		{ "model": "block/stone/d", "weight": 100 },
		{ "model": "block/stone/e", "weight": 100 },
		{ "model": "block/stone/f", "weight": 100 }
    ],
    "type=top": [
		{"model": "minecraft:block/stone_slab_top", "weight": 101 },
	  	{"model": "block/slab/stone_top_a", "weight": 100 },
		{"model": "block/slab/stone_top_b", "weight": 100 },
		{"model": "block/slab/stone_top_c", "weight": 100 },
		{"model": "block/slab/stone_top_d", "weight": 100 },
		{"model": "block/slab/stone_top_e", "weight": 100 },
		{"model": "block/slab/stone_top_f", "weight": 100 }
	]
  }
}