{
  "variants": {
    "type=bottom": [
		{"model": "minecraft:block/stone_brick_slab", "weight": 101 },
		{"model": "block/slab/stone_brick_a", "weight": 100 },
		{"model": "block/slab/stone_brick_b", "weight": 100 },
		{"model": "block/slab/stone_brick_c", "weight": 100 },
		{"model": "block/slab/stone_brick_d", "weight": 100 },
		{"model": "block/slab/stone_brick_e", "weight": 100 },
		{"model": "block/slab/stone_brick_f", "weight": 100 },
		{"model": "block/slab/stone_brick_g", "weight": 100 },
		{"model": "block/slab/stone_brick_h", "weight": 100 }
    ],
    "type=double": [
		{ "model": "minecraft:block/stone_bricks", "weight": 101 },
		{ "model": "block/stonebricks/a", "weight": 100 },
		{ "model": "block/stonebricks/b", "weight": 100 },
		{ "model": "block/stonebricks/c", "weight": 100 },
		{ "model": "block/stonebricks/d", "weight": 100 },
		{ "model": "block/stonebricks/e", "weight": 100 },
		{ "model": "block/stonebricks/f", "weight": 100 },
		{ "model": "block/stonebricks/g", "weight": 100 },
		{ "model": "block/stonebricks/h", "weight": 100 }
    ],
    "type=top": [
		{"model": "minecraft:block/stone_brick_slab_top", "weight": 101 },
	  	{"model": "block/slab/stone_brick_top_a", "weight": 100 },
		{"model": "block/slab/stone_brick_top_b", "weight": 100 },
		{"model": "block/slab/stone_brick_top_c", "weight": 100 },
		{"model": "block/slab/stone_brick_top_d", "weight": 100 },
		{"model": "block/slab/stone_brick_top_e", "weight": 100 },
		{"model": "block/slab/stone_brick_top_f", "weight": 100 },
		{"model": "block/slab/stone_brick_top_g", "weight": 100 },
		{"model": "block/slab/stone_brick_top_h", "weight": 100 }
	]
  }
}