{
    "__createdwith": "opl's Model Creator",
    "ambientocclusion": true,
    "textures": {
        "particle": "block/custom/fence/acacia"
    },
    "elements": [
        {
            "from": [14,0,7],
            "to": [16,16,13],
            "faces": {
                "up": {
                    "uv": [8,4,10,10],
                    "texture": "#particle"
                },
                "down": {
                    "uv": [8,3,10,9],
                    "texture": "#particle"
                },
                "west": {
                    "uv": [2,0,8,16],
                    "texture": "#particle"
                },
                "east": {
                    "uv": [7,0,13,16],
                    "texture": "#particle"
                },
                "north": {
                    "uv": [6,0,8,16],
                    "texture": "#particle"
                },
                "south": {
                    "uv": [8,0,10,16],
                    "texture": "#particle"
                }
            }
        },
        {
            "from": [0,0,7],
            "to": [2,16,13],
            "faces": {
                "up": {
                    "uv": [12,4,14,10],
                    "texture": "#particle"
                },
                "down": {
                    "uv": [8,5,10,11],
                    "texture": "#particle"
                },
                "west": {
                    "uv": [6,0,12,16],
                    "texture": "#particle"
                },
                "east": {
                    "uv": [7,0,13,16],
                    "texture": "#particle"
                },
                "north": {
                    "texture": "#particle"
                },
                "south": {
                    "uv": [6,0,8,16],
                    "texture": "#particle"
                }
            }
        }
    ]
}