{
    "__createdwith": "opl's Model Creator",
    "ambientocclusion": true,
    "textures": {
        "particle": "block/custom/fence/birch"
    },
    "elements": [
        {
            "from": [10,0,7],
            "to": [16,16,9],
            "faces": {
                "up": {
                    "uv": [8,4,14,6],
                    "texture": "#particle"
                },
                "down": {
                    "uv": [8,3,14,5],
                    "texture": "#particle"
                },
                "west": {
                    "uv": [4,0,6,16],
                    "texture": "#particle"
                },
                "east": {
                    "uv": [8,0,10,16],
                    "texture": "#particle"
                },
                "north": {
                    "uv": [2,0,8,16],
                    "texture": "#particle"
                },
                "south": {
                    "uv": [4,0,10,16],
                    "texture": "#particle"
                }
            }
        },
        {
            "from": [0,0,7],
            "to": [6,16,9],
            "faces": {
                "up": {
                    "uv": [10,8,16,10],
                    "texture": "#particle"
                },
                "down": {
                    "uv": [10,5,16,7],
                    "texture": "#particle"
                },
                "west": {
                    "uv": [8,0,10,16],
                    "texture": "#particle"
                },
                "east": {
                    "uv": [8,0,10,16],
                    "texture": "#particle"
                },
                "north": {
                    "uv": [0,0,6,16],
                    "texture": "#particle"
                },
                "south": {
                    "uv": [6,0,12,16],
                    "texture": "#particle"
                }
            }
        }
    ]
}