{
    "__createdwith": "opl's Model Creator",
    "ambientocclusion": true,
    "textures": {
        "particle": "block/custom/fence/gate_jungle"
    },
    "elements": [
        {
            "from": [0,0,7],
            "to": [5,15,9],
            "faces": {
                "up": {
                    "uv": [0,13,5,15],
                    "texture": "#particle"
                },
                "down": {
                    "uv": [0,13,5,15],
                    "texture": "#particle"
                },
                "west": {
                    "uv": [11,1,13,16],
                    "texture": "#particle"
                },
                "north": {
                    "uv": [11,0,16,15],
                    "texture": "#particle"
                },
                "south": {
                    "uv": [0,0,5,15],
                    "texture": "#particle"
                }
            }
        },
        {
            "from": [11,0,7],
            "to": [16,15,9],
            "faces": {
                "up": {
                    "texture": "#particle"
                },
                "down": {
                    "texture": "#particle"
                },
                "east": {
                    "uv": [5,0,7,15],
                    "texture": "#particle"
                },
                "north": {
                    "uv": [0,0,5,15],
                    "texture": "#particle"
                },
                "south": {
                    "uv": [11,0,16,15],
                    "texture": "#particle"
                }
            }
        },
        {
            "from": [9,0,7],
            "to": [11,16,9],
            "faces": {
                "up": {
                    "uv": [11,7,13,9],
                    "texture": "#particle"
                },
                "down": {
                    "uv": [11,7,13,9],
                    "texture": "#particle"
                },
                "west": {
                    "uv": [0,0,2,16],
                    "texture": "#particle"
                },
                "east": {
                    "uv": [5,0,7,16],
                    "texture": "#particle"
                },
                "north": {
                    "uv": [0,0,2,16],
                    "texture": "#particle"
                },
                "south": {
                    "uv": [5,0,7,16],
                    "texture": "#particle"
                }
            }
        },
        {
            "from": [5,0,7],
            "to": [7,16,9],
            "faces": {
                "up": {
                    "uv": [11,7,13,9],
                    "texture": "#particle"
                },
                "down": {
                    "uv": [11,8,13,10],
                    "texture": "#particle"
                },
                "west": {
                    "uv": [11,0,13,16],
                    "texture": "#particle"
                },
                "east": {
                    "uv": [5,0,7,16],
                    "texture": "#particle"
                },
                "north": {
                    "uv": [5,0,7,16],
                    "texture": "#particle"
                },
                "south": {
                    "uv": [0,0,2,16],
                    "texture": "#particle"
                }
            }
        }
    ]
}