{
    "__createdwith": "opl's Model Creator",
    "ambientocclusion": true,
    "textures": {
        "particle": "block/custom/fence/oak",
        "planks": "block/oak_planks"
    },
    "elements": [
        {
            "from": [0,0,7],
            "to": [2,16,9],
            "faces": {
                "up": {
                    "uv": [0,0,2,2],
                    "texture": "#planks"
                },
                "down": {
                    "uv": [0,0,2,2],
                    "texture": "#planks"
                },
                "west": {
                    "uv": [5,0,7,16],
                    "texture": "#particle"
                },
                "east": {
                    "uv": [5,0,7,16],
                    "texture": "#particle"
                },
                "north": {
                    "uv": [0,0,2,16],
                    "texture": "#particle"
                },
                "south": {
                    "uv": [11,0,13,16],
                    "texture": "#particle"
                }
            }
        },
        {
            "from": [14,0,7],
            "to": [16,16,9],
            "faces": {
                "up": {
                    "uv": [0,0,2,2],
                    "texture": "#planks"
                },
                "down": {
                    "uv": [0,0,2,2],
                    "texture": "#planks"
                },
                "west": {
                    "uv": [11,0,13,16],
                    "texture": "#particle"
                },
                "east": {
                    "uv": [0,0,2,16],
                    "texture": "#particle"
                },
                "north": {
                    "uv": [5,0,7,16],
                    "texture": "#particle"
                },
                "south": {
                    "uv": [5,0,7,16],
                    "texture": "#particle"
                }
            }
        },
        {
            "from": [0,0,13],
            "to": [2,16,15],
            "faces": {
                "up": {
                    "uv": [0,0,2,2],
                    "texture": "#planks"
                },
                "down": {
                    "uv": [0,0,2,2],
                    "texture": "#planks"
                },
                "west": {
                    "uv": [11,0,13,16],
                    "texture": "#particle"
                },
                "east": {
                    "uv": [0,0,2,16],
                    "texture": "#particle"
                },
                "north": {
                    "uv": [5,0,7,16],
                    "texture": "#particle"
                },
                "south": {
                    "uv": [5,0,7,16],
                    "texture": "#particle"
                }
            }
        },
        {
            "from": [14,0,13],
            "to": [16,16,15],
            "faces": {
                "up": {
                    "uv": [0,0,2,2],
                    "texture": "#planks"
                },
                "down": {
                    "uv": [0,0,2,2],
                    "texture": "#planks"
                },
                "west": {
                    "uv": [5,0,7,16],
                    "texture": "#particle"
                },
                "east": {
                    "uv": [5,0,7,16],
                    "texture": "#particle"
                },
                "north": {
                    "uv": [0,0,2,16],
                    "texture": "#particle"
                },
                "south": {
                    "uv": [11,0,13,16],
                    "texture": "#particle"
                }
            }
        },
        {
            "from": [14,10,9],
            "to": [16,14,13],
            "faces": {
                "up": {
                    "uv": [0,0,2,4],
                    "texture": "#particle"
                },
                "down": {
                    "uv": [0,4,2,8],
                    "texture": "#particle"
                },
                "west": {
                    "uv": [12,5,16,9],
                    "texture": "#planks"
                },
                "east": {
                    "uv": [5,0,9,4],
                    "texture": "#planks"
                }
            }
        },
        {
            "from": [14,2,9],
            "to": [16,6,13],
            "faces": {
                "up": {
                    "uv": [0,0,2,4],
                    "texture": "#particle"
                },
                "down": {
                    "uv": [11,0,13,4],
                    "texture": "#particle"
                },
                "west": {
                    "uv": [1,0,5,4],
                    "texture": "#planks"
                },
                "east": {
                    "uv": [0,0,4,4],
                    "texture": "#planks"
                }
            }
        },
        {
            "from": [0,10,9],
            "to": [2,14,13],
            "faces": {
                "up": {
                    "uv": [0,0,2,4],
                    "texture": "#particle"
                },
                "down": {
                    "uv": [0,4,2,8],
                    "texture": "#particle"
                },
                "west": {
                    "uv": [12,11,16,15],
                    "texture": "#planks"
                },
                "east": {
                    "uv": [5,5,9,9],
                    "texture": "#planks"
                }
            }
        },
        {
            "from": [0,2,9],
            "to": [2,6,13],
            "faces": {
                "up": {
                    "uv": [0,0,2,4],
                    "texture": "#particle"
                },
                "down": {
                    "uv": [0,4,2,8],
                    "texture": "#particle"
                },
                "west": {
                    "uv": [0,5,4,9],
                    "texture": "#planks"
                },
                "east": {
                    "uv": [12,0,16,4],
                    "texture": "#planks"
                }
            }
        }
    ]
}