{
    "__createdwith": "opl's Model Creator",
    "ambientocclusion": true,
    "textures": {
        "particle": "block/custom/fence/spruce",
        "planks": "block/spruce_planks"
    },
    "elements": [
        {
            "from": [0,14,4],
            "to": [4,16,9],
            "faces": {
                "up": {
                    "uv": [0.0,0.0,4.0,5.0],
                    "texture": "#particle"
                },
                "down": {
                    "uv": [0.0,0.0,4.0,5.0],
                    "texture": "#particle"
                },
                "west": {
                    "texture": "#planks"
                },
                "east": {
                    "texture": "#planks"
                },
                "south": {
                    "texture": "#planks"
                }
            }
        },
        {
            "from": [0,0,2],
            "to": [4,16,4],
            "faces": {
                "down": {
                    "uv": [0.0,0.0,4.0,2.0],
                    "texture": "#planks"
                },
                "west": {
                    "uv": [11.0,0.0,13.0,16.0],
                    "texture": "#particle"
                },
                "east": {
                    "uv": [0.0,0.0,2.0,16.0],
                    "texture": "#particle"
                },
                "north": {
                    "texture": "#particle"
                },
                "south": {
                    "texture": "#particle"
                }
            }
        },
        {
            "from": [0,5,7],
            "to": [1,14,9],
            "faces": {
                "west": {
                    "uv": [0.0,0.0,2.0,9.0],
                    "texture": "#particle"
                },
                "east": {
                    "uv": [11.0,2.0,13.0,11.0],
                    "texture": "#particle"
                },
                "north": {
                    "texture": "#particle"
                },
                "south": {
                    "uv": [3.0,2.0,4.0,11.0],
                    "texture": "#particle"
                }
            }
        },
        {
            "from": [0,3,4],
            "to": [4,5,9],
            "faces": {
                "up": {
                    "uv": [0.0,0.0,4.0,5.0],
                    "texture": "#particle"
                },
                "down": {
                    "uv": [0.0,11.0,4.0,16.0],
                    "texture": "#particle"
                },
                "west": {
                    "texture": "#planks"
                },
                "east": {
                    "texture": "#planks"
                },
                "south": {
                    "texture": "#planks"
                }
            }
        },
        {
            "from": [15,5,7],
            "to": [16,14,9],
            "faces": {
                "west": {
                    "uv": [11.0,1.0,13.0,10.0],
                    "texture": "#particle"
                },
                "east": {
                    "uv": [11.0,2.0,13.0,11.0],
                    "texture": "#particle"
                },
                "north": {
                    "uv": [14.0,2.0,15.0,11.0],
                    "texture": "#particle"
                },
                "south": {
                    "uv": [11.0,2.0,12.0,11.0],
                    "texture": "#particle"
                }
            }
        },
        {
            "from": [0,16,2],
            "to": [4,16.9,4],
            "faces": {
                "up": {
                    "uv": [0.0,0.0,4.0,2.0],
                    "texture": "#planks"
                },
                "west": {
                    "uv": [11.0,0.0,13.0,1.0],
                    "texture": "#particle"
                },
                "east": {
                    "uv": [0.0,15.0,2.0,16.0],
                    "texture": "#particle"
                },
                "north": {
                    "uv": [0.0,15.0,4.0,16.0],
                    "texture": "#particle"
                },
                "south": {
                    "uv": [0.0,15.0,4.0,16.0],
                    "texture": "#particle"
                }
            }
        },
        {
            "from": [12,14,4],
            "to": [16,16,9],
            "faces": {
                "up": {
                    "uv": [0.0,0.0,4.0,5.0],
                    "texture": "#particle"
                },
                "down": {
                    "uv": [0.0,0.0,4.0,5.0],
                    "texture": "#particle"
                },
                "west": {
                    "texture": "#planks"
                },
                "east": {
                    "texture": "#planks"
                },
                "south": {
                    "texture": "#planks"
                }
            }
        },
        {
            "from": [12,16,2],
            "to": [16,16.9,4],
            "faces": {
                "up": {
                    "uv": [0.0,0.0,4.0,2.0],
                    "texture": "#planks"
                },
                "west": {
                    "uv": [11.0,0.0,13.0,1.0],
                    "texture": "#particle"
                },
                "east": {
                    "uv": [0.0,15.0,2.0,16.0],
                    "texture": "#particle"
                },
                "north": {
                    "uv": [11.0,15.0,15.0,16.0],
                    "texture": "#particle"
                },
                "south": {
                    "uv": [11.0,15.0,15.0,16.0],
                    "texture": "#particle"
                }
            }
        },
        {
            "from": [12,0,2],
            "to": [16,16,4],
            "faces": {
                "down": {
                    "uv": [0.0,0.0,4.0,2.0],
                    "texture": "#planks"
                },
                "west": {
                    "uv": [11.0,0.0,13.0,16.0],
                    "texture": "#particle"
                },
                "east": {
                    "uv": [0.0,0.0,2.0,16.0],
                    "texture": "#particle"
                },
                "north": {
                    "uv": [11.0,0.0,15.0,16.0],
                    "texture": "#particle"
                },
                "south": {
                    "uv": [11.0,0.0,15.0,16.0],
                    "texture": "#particle"
                }
            }
        },
        {
            "from": [12,3,4],
            "to": [16,5,9],
            "faces": {
                "up": {
                    "uv": [0.0,0.0,4.0,5.0],
                    "texture": "#particle"
                },
                "down": {
                    "uv": [0.0,11.0,4.0,16.0],
                    "texture": "#particle"
                },
                "west": {
                    "texture": "#planks"
                },
                "east": {
                    "texture": "#planks"
                },
                "south": {
                    "texture": "#planks"
                }
            }
        }
    ]
}