{
    "__createdwith": "opl's Model Creator",
    "ambientocclusion": true,
    "textures": {
        "particle": "block/custom/fence/spruce",
        "planks": "block/spruce_planks"
    },
    "elements": [
        {
            "from": [0,12,6],
            "to": [5,14,10],
            "faces": {
                "up": {
                    "uv": [0,0,5,4],
                    "texture": "#planks"
                },
                "down": {
                    "uv": [0,0,5,4],
                    "texture": "#planks"
                },
                "west": {
                    "texture": "#planks"
                },
                "north": {
                    "texture": "#planks"
                },
                "south": {
                    "texture": "#planks"
                }
            }
        },
        {
            "from": [11,12,6],
            "to": [16,14,10],
            "faces": {
                "up": {
                    "uv": [11,11,16,15],
                    "texture": "#planks"
                },
                "down": {
                    "uv": [11,0,16,4],
                    "texture": "#planks"
                },
                "east": {
                    "texture": "#planks"
                },
                "north": {
                    "texture": "#planks"
                },
                "south": {
                    "texture": "#planks"
                }
            }
        },
        {
            "from": [5,0,6],
            "to": [7,15,10],
            "faces": {
                "up": {
                    "texture": "#particle"
                },
                "down": {
                    "texture": "#particle"
                },
                "west": {
                    "uv": [11,1,15,16],
                    "texture": "#particle"
                },
                "east": {
                    "uv": [0,1,4,16],
                    "texture": "#particle"
                },
                "north": {
                    "texture": "#particle"
                },
                "south": {
                    "texture": "#particle"
                }
            }
        },
        {
            "from": [9,0,6],
            "to": [11,15,10],
            "faces": {
                "up": {
                    "uv": [11,6,13,10],
                    "texture": "#particle"
                },
                "down": {
                    "uv": [11,6,13,10],
                    "texture": "#particle"
                },
                "west": {
                    "uv": [0,1,4,16],
                    "texture": "#particle"
                },
                "east": {
                    "uv": [11,1,15,16],
                    "texture": "#particle"
                },
                "north": {
                    "uv": [11,1,13,16],
                    "texture": "#particle"
                },
                "south": {
                    "uv": [11,1,13,16],
                    "texture": "#particle"
                }
            }
        },
        {
            "from": [0,5,7],
            "to": [1,12,9],
            "faces": {
                "west": {
                    "uv": [0,2,2,9],
                    "texture": "#particle"
                },
                "east": {
                    "uv": [11,4,13,11],
                    "texture": "#particle"
                },
                "north": {
                    "uv": [0,4,1,11],
                    "texture": "#particle"
                },
                "south": {
                    "uv": [3,4,4,11],
                    "texture": "#particle"
                }
            }
        },
        {
            "from": [0,3,6],
            "to": [5,5,10],
            "faces": {
                "up": {
                    "uv": [0,0,5,4],
                    "texture": "#planks"
                },
                "down": {
                    "uv": [0,11,5,15],
                    "texture": "#planks"
                },
                "west": {
                    "texture": "#planks"
                },
                "north": {
                    "texture": "#planks"
                },
                "south": {
                    "texture": "#planks"
                }
            }
        },
        {
            "from": [11,3,6],
            "to": [16,5,10],
            "faces": {
                "up": {
                    "uv": [11,0,16,4],
                    "texture": "#planks"
                },
                "down": {
                    "uv": [11,11,16,15],
                    "texture": "#planks"
                },
                "east": {
                    "texture": "#planks"
                },
                "north": {
                    "texture": "#planks"
                },
                "south": {
                    "texture": "#planks"
                }
            }
        },
        {
            "from": [15,5,7],
            "to": [16,12,9],
            "faces": {
                "west": {
                    "uv": [11,1,13,8],
                    "texture": "#particle"
                },
                "east": {
                    "uv": [11,2,13,9],
                    "texture": "#particle"
                },
                "north": {
                    "uv": [14,2,15,10],
                    "texture": "#particle"
                },
                "south": {
                    "uv": [11,2,12,11],
                    "texture": "#particle"
                }
            }
        }
    ]
}