{
    "name": "Lightweight",
    "description": "Attack and block break speeds are increased, but damage dealt is decreased.",
    "hidden": false,
    "type": "origins:multiple",
    "o___0": {
        "type": "origins:attribute",
        "modifiers": [
            {
                "attribute": "minecraft:generic.attack_damage",
                "operation": "multiply_base",
                "value": -0.333
            },
            {
                "attribute": "minecraft:generic.attack_speed",
                "operation": "multiply_total",
                "value": 0.5
            }
        ],
        "update_health": false
    },
    "o___1": {
        "name": "breakspeed",
        "description": "fast break",
        "type": "origins:modify_break_speed",
        "modifier": {
            "operation": "multiply_base",
            "value": 0.3334
        }
    }
}