{
    "name": "Flap",
    "description": "A small flap of your wings gives you a weak double-jump in the air.",
    "condition": {
        "type": "origins:and",
        "conditions": [
            {
                "inverted": true,
                "type": "origins:on_block"
            },
            {
                "inverted": true,
                "type": "origins:fluid_height",
                "fluid": "minecraft:water",
                "comparison": ">=",
                "compare_to": 0.01
            }
        ]
    },
    "type": "origins:active_self",
    "entity_action": {
        "type": "origins:add_velocity",
        "y": 0.5,
        "space": "world",
        "client": true,
        "server": false
    },
    "cooldown": 30,
    "hud_render": {
        "should_render": true,
        "sprite_location": "origins:textures/gui/community/spiderkolo/resource_bar_03.png",
        "bar_index": 23
    },
    "key": {
        "key": "key.jump"
    }
}