{
    "name": "Fresh Air+",
    "description": "Your bed has to be at Sea Level (Y=63) or higher, and has to be exposed to open sky.",
    "hidden": false,
    "loading_priority": 4,
    "type": "origins:prevent_sleep",
    "block_condition": {
        "inverted": false,
        "type": "origins:or",
        "conditions": [
            {
                "inverted": true,
                "type": "origins:exposed_to_sky"
            },
            {
                "inverted": false,
                "type": "origins:height",
                "comparison": "<",
                "compare_to": 63
            }
        ]
    },
    "message": "You can't sleep below Sea Level or with a roof above above your bed.",
    "set_spawn_point": true
}