{
    "__createdwith": "opl's Model Creator",
    "ambientocclusion": false,
    "textures": {
        "particle": "block/custom/door/iron"
    },
    "elements": [
        {
            "from": [0,0,0],
            "to": [3,3,16],
            "faces": {
                "up": {
                    "uv": [2,15,2.5,15.5],
                    "texture": "#particle"
                },
                "down": {
                    "uv": [2,15.5,2.5,16],
                    "texture": "#particle"
                },
                "west": {
                    "uv": [0,14.5,8,16],
                    "texture": "#particle"
                },
                "east": {
                    "uv": [0,14.5,8,16],
                    "texture": "#particle"
                },
                "north": {
                    "uv": [0,14.5,1.5,16],
                    "texture": "#particle"
                },
                "south": {
                    "uv": [6.5,14.5,8,16],
                    "texture": "#particle"
                }
            }
        },
        {
            "from": [0,3,13],
            "to": [3,16,16],
            "faces": {
                "west": {
                    "uv": [6.5,8,8,14.5],
                    "texture": "#particle"
                },
                "east": {
                    "uv": [0,8,1.5,14.5],
                    "texture": "#particle"
                },
                "north": {
                    "uv": [0,8,1.5,14.5],
                    "texture": "#particle"
                },
                "south": {
                    "uv": [6.5,8,8,14.5],
                    "texture": "#particle"
                }
            }
        },
        {
            "from": [0,3,0],
            "to": [3,16,3],
            "faces": {
                "west": {
                    "uv": [0,8,1.5,14.5],
                    "texture": "#particle"
                },
                "east": {
                    "uv": [6.5,8,8,14.5],
                    "texture": "#particle"
                },
                "north": {
                    "uv": [0,8,1.5,14.5],
                    "texture": "#particle"
                },
                "south": {
                    "uv": [0,8,1.5,14.5],
                    "texture": "#particle"
                }
            }
        },
        {
            "from": [1,3,3],
            "to": [2,16,13],
            "faces": {
                "west": {
                    "uv": [1.5,8,6.5,14.5],
                    "texture": "#particle"
                },
                "east": {
                    "uv": [1.5,8,6.5,14.5],
                    "texture": "#particle"
                }
            }
        }
    ]
}