{
    "__createdwith": "opl's Model Creator",
    "ambientocclusion": false,
    "textures": {
        "particle": "block/custom/door/spruce",
        "all": "block/custom/door/spruce"
    },
    "elements": [
        {
            "from": [1,1,0],
            "to": [2,16,4],
            "faces": {
                "down": {
                    "uv": [0,15,2,15.5],
                    "texture": "#all",
                    "rotation": 90
                },
                "west": {
                    "uv": [0,8,2,15.5],
                    "texture": "#particle"
                },
                "east": {
                    "uv": [2,8,0,15.5],
                    "texture": "#all"
                },
                "north": {
                    "uv": [0,8,0.5,15.5],
                    "texture": "#all"
                }
            }
        },
        {
            "from": [0,5,0],
            "to": [1,9,16],
            "faces": {
                "up": {
                    "uv": [8,11.5,16,12],
                    "texture": "#all",
                    "rotation": 90
                },
                "down": {
                    "uv": [8,13.5,16,14],
                    "texture": "#all",
                    "rotation": 90
                },
                "west": {
                    "uv": [8,11.5,16,13.5],
                    "texture": "#particle"
                },
                "north": {
                    "uv": [8,11.5,8.5,13.5],
                    "texture": "#all"
                },
                "south": {
                    "uv": [10.5,9,11,11],
                    "texture": "#all"
                }
            }
        },
        {
            "from": [1,1,8],
            "to": [2,16,12],
            "faces": {
                "down": {
                    "uv": [4,15,6,15.5],
                    "texture": "#all",
                    "rotation": 90
                },
                "west": {
                    "uv": [4,8,6,15.5],
                    "texture": "#all"
                },
                "east": {
                    "uv": [6,8,4,15.5],
                    "texture": "#all"
                }
            }
        },
        {
            "from": [1,0,4],
            "to": [2,16,8],
            "faces": {
                "down": {
                    "uv": [2,15.5,4,16],
                    "texture": "#all",
                    "rotation": 90
                },
                "west": {
                    "uv": [2,8,4,16],
                    "texture": "#all"
                },
                "east": {
                    "uv": [4,8,2,16],
                    "texture": "#all"
                },
                "north": {
                    "uv": [3.5,8,4,16],
                    "texture": "#all"
                },
                "south": {
                    "uv": [3.5,8,4,16],
                    "texture": "#particle"
                }
            }
        },
        {
            "from": [1,0,12],
            "to": [2,16,16],
            "faces": {
                "down": {
                    "uv": [2,15.5,4,16],
                    "texture": "#all",
                    "rotation": 90
                },
                "west": {
                    "uv": [6,8,8,16],
                    "texture": "#all"
                },
                "east": {
                    "uv": [8,8,6,16],
                    "texture": "#all"
                },
                "north": {
                    "uv": [3.5,8,4,16],
                    "texture": "#all"
                },
                "south": {
                    "uv": [3.5,8,4,16],
                    "texture": "#particle"
                }
            }
        },
        {
            "from": [2,5,0],
            "to": [3,9,16],
            "faces": {
                "up": {
                    "uv": [8,11.5,16,12],
                    "texture": "#all",
                    "rotation": 90
                },
                "down": {
                    "uv": [8,13.5,16,14],
                    "texture": "#all",
                    "rotation": 90
                },
                "east": {
                    "uv": [8,9,16,11],
                    "texture": "#all"
                },
                "north": {
                    "uv": [8,11.5,8.5,13.5],
                    "texture": "#all"
                },
                "south": {
                    "uv": [10.5,9,11,11],
                    "texture": "#all"
                }
            }
        }
    ]
}