{
    "__createdwith": "opl's Model Creator",
    "ambientocclusion": false,
    "textures": {
        "particle": "block/custom/door/spruce",
        "all": "block/custom/door/spruce"
    },
    "elements": [
        {
            "from": [1,0,4],
            "to": [2,15,8],
            "faces": {
                "up": {
                    "uv": [1.5,5.5,2,7.5],
                    "texture": "#all"
                },
                "west": {
                    "uv": [6,0.5,4,8],
                    "texture": "#all"
                },
                "east": {
                    "uv": [4,0.5,6,8],
                    "texture": "#all"
                }
            }
        },
        {
            "from": [0,7,0],
            "to": [1,11,16],
            "faces": {
                "up": {
                    "uv": [2,0,2.5,8],
                    "texture": "#all"
                },
                "down": {
                    "uv": [1.5,7.5,2,15.5],
                    "texture": "#all"
                },
                "west": {
                    "uv": [16,2.5,8,4.5],
                    "texture": "#all"
                },
                "north": {
                    "uv": [15.5,11.5,16,13.5],
                    "texture": "#all"
                },
                "south": {
                    "uv": [8,11.5,8.5,13.5],
                    "texture": "#all"
                }
            }
        },
        {
            "from": [2,7,0],
            "to": [3,11,16],
            "faces": {
                "up": {
                    "uv": [16,11.5,8,12],
                    "texture": "#all",
                    "rotation": 90
                },
                "down": {
                    "uv": [8,13.5,16,14],
                    "texture": "#all"
                },
                "east": {
                    "uv": [8,2.5,16,4.5],
                    "texture": "#all"
                },
                "north": {
                    "uv": [15.5,11.5,16,13.5],
                    "texture": "#all"
                },
                "south": {
                    "uv": [8,11.5,8.5,13.5],
                    "texture": "#all"
                }
            }
        },
        {
            "from": [1,0,0],
            "to": [2,16,4],
            "faces": {
                "up": {
                    "uv": [1.5,2,2,4],
                    "texture": "#all"
                },
                "west": {
                    "uv": [8,0,6,8],
                    "texture": "#all"
                },
                "east": {
                    "uv": [6,0,8,8],
                    "texture": "#all"
                },
                "north": {
                    "uv": [7.5,8,8,16],
                    "texture": "#all"
                },
                "south": {
                    "uv": [3.5,8,4,16],
                    "texture": "#all"
                }
            }
        },
        {
            "from": [1,0,12],
            "to": [2,15,16],
            "faces": {
                "up": {
                    "uv": [1.5,13.5,2,15.5],
                    "texture": "#all"
                },
                "west": {
                    "uv": [2,0.5,0,8],
                    "texture": "#particle"
                },
                "east": {
                    "uv": [0,0.5,2,8],
                    "texture": "#all"
                },
                "south": {
                    "uv": [2.5,8,3,15.5],
                    "texture": "#all"
                }
            }
        },
        {
            "from": [1,0,8],
            "to": [2,16,12],
            "faces": {
                "up": {
                    "uv": [1.5,8.5,2,10.5],
                    "texture": "#all"
                },
                "west": {
                    "uv": [4,0,2,8],
                    "texture": "#all"
                },
                "east": {
                    "uv": [2,0,4,8],
                    "texture": "#all"
                },
                "north": {
                    "uv": [7.5,8,8,16],
                    "texture": "#all"
                },
                "south": {
                    "uv": [1.5,8,2,15.5],
                    "texture": "#all"
                }
            }
        }
    ]
}