{"ace_heart":"<font:'tinkerer:emoji'><white>","admiration":"<font:'tinkerer:emoji'><white>","adoration":"<font:'tinkerer:emoji'><white>","agender_heart":"<font:'tinkerer:emoji'><white>","agonized":"<font:'tinkerer:emoji'><white>","aroace_heart":"<font:'tinkerer:emoji'><white>","aro_heart":"<font:'tinkerer:emoji'><white>","bi_heart":"<font:'tinkerer:emoji'><white>","blob":"<font:'tinkerer:emoji'><white>","blob_waaaaa":"<font:'tinkerer:emoji'><white>","blushing":"<font:'tinkerer:emoji'><white>","cat_face":"<font:'tinkerer:emoji'><white>","chopper":"<font:'tinkerer:emoji'><white>","coffee_gift":"<font:'tinkerer:emoji'><white>","crying":"<font:'tinkerer:emoji'><white>","demi_heart":"<font:'tinkerer:emoji'><white>","devil":"<font:'tinkerer:emoji'><white>","disbelief":"<font:'tinkerer:emoji'><white>","disgust":"<font:'tinkerer:emoji'><white>","embarrassed":"<font:'tinkerer:emoji'><white>","excited":"<font:'tinkerer:emoji'><white>","femboy_heart":"<font:'tinkerer:emoji'><white>","flattered":"<font:'tinkerer:emoji'><white>","flower_gift":"<font:'tinkerer:emoji'><white>","flustered":"<font:'tinkerer:emoji'><white>","fuming":"<font:'tinkerer:emoji'><white>","furry_pride":"<font:'tinkerer:emoji'><white>","gasp":"<font:'tinkerer:emoji'><white>","genderfluid_heart":"<font:'tinkerer:emoji'><white>","genderflux_heart":"<font:'tinkerer:emoji'><white>","genderqueer_heart":"<font:'tinkerer:emoji'><white>","grabbing":"<font:'tinkerer:emoji'><white>","grateful":"<font:'tinkerer:emoji'><white>","happy_tears":"<font:'tinkerer:emoji'><white>","hiding":"<font:'tinkerer:emoji'><white>","intersex_heart":"<font:'tinkerer:emoji'><white>","lesbian_heart":"<font:'tinkerer:emoji'><white>","lgbtq":"<font:'tinkerer:emoji'><white>","little_guy":"<font:'tinkerer:emoji'><white>","looking_down":"<font:'tinkerer:emoji'><white>","looking_up":"<font:'tinkerer:emoji'><white>","lovely_face":"<font:'tinkerer:emoji'><white>","lovely_hearts":"<font:'tinkerer:emoji'><white>","melting":"<font:'tinkerer:emoji'><white>","mischievous":"<font:'tinkerer:emoji'><white>","misery":"<font:'tinkerer:emoji'><white>","nb_heart":"<font:'tinkerer:emoji'><white>","neurodiversity_heart":"<font:'tinkerer:emoji'><white>","nice_angel":"<font:'tinkerer:emoji'><white>","nice_clown":"<font:'tinkerer:emoji'><white>","nice_dizzy":"<font:'tinkerer:emoji'><white>","nice_kissing":"<font:'tinkerer:emoji'><white>","nice_pensive":"<font:'tinkerer:emoji'><white>","nice_worried":"<font:'tinkerer:emoji'><white>","nuzzle":"<font:'tinkerer:emoji'><white>","ohno":"<font:'tinkerer:emoji'><white>","ouch":"<font:'tinkerer:emoji'><white>","overwhelmed":"<font:'tinkerer:emoji'><white>","pan_heart":"<font:'tinkerer:emoji'><white>","pining":"<font:'tinkerer:emoji'><white>","playful":"<font:'tinkerer:emoji'><white>","pleading":"<font:'tinkerer:emoji'><white>","plural_heart":"<font:'tinkerer:emoji'><white>","queer_heart":"<font:'tinkerer:emoji'><white>","queer_prog_heart":"<font:'tinkerer:emoji'><white>","questioning":"<font:'tinkerer:emoji'><white>","reprimand":"<font:'tinkerer:emoji'><white>","shushing":"<font:'tinkerer:emoji'><white>","shy":"<font:'tinkerer:emoji'><white>","single_tear":"<font:'tinkerer:emoji'><white>","squee":"<font:'tinkerer:emoji'><white>","starry_eyed":"<font:'tinkerer:emoji'><white>","tch":"<font:'tinkerer:emoji'><white>","thankful":"<font:'tinkerer:emoji'><white>","three_hearts":"<font:'tinkerer:emoji'><white>","trans_heart":"<font:'tinkerer:emoji'><white>","uh":"<font:'tinkerer:emoji'><white>","vincian_heart":"<font:'tinkerer:emoji'><white>","waah":"<font:'tinkerer:emoji'><white>","weird_cat":"<font:'tinkerer:emoji'><white>","wig":"<font:'tinkerer:emoji'><white>","winner":"<font:'tinkerer:emoji'><white>","yeefuckinghaw":"<font:'tinkerer:emoji'><white>"}