{"100":"<font:'twemoji:emoji'><white>","1234":"<font:'twemoji:emoji'><white>","8ball":"<font:'twemoji:emoji'><white>","a":"<font:'twemoji:emoji'><white>","ab":"<font:'twemoji:emoji'><white>","abacus":"<font:'twemoji:emoji'><white>","abc":"<font:'twemoji:emoji'><white>","abcd":"<font:'twemoji:emoji'><white>","accept":"<font:'twemoji:emoji'><white>","adhesive_bandage":"<font:'twemoji:emoji'><white>","adult":"<font:'twemoji:emoji'><white>","aerial_tramway":"<font:'twemoji:emoji'><white>","airplane":"<font:'twemoji:emoji'><white>","airplane_arriving":"<font:'twemoji:emoji'><white>","airplane_departure":"<font:'twemoji:emoji'><white>","airplane_small":"<font:'twemoji:emoji'><white>","alarm_clock":"<font:'twemoji:emoji'><white>","alembic":"<font:'twemoji:emoji'><white>","alien":"<font:'twemoji:emoji'><white>","ambulance":"<font:'twemoji:emoji'><white>","amphora":"<font:'twemoji:emoji'><white>","anchor":"<font:'twemoji:emoji'><white>","angel":"<font:'twemoji:emoji'><white>","anger":"<font:'twemoji:emoji'><white>","anger_right":"<font:'twemoji:emoji'><white>","angry":"<font:'twemoji:emoji'><white>","anguished":"<font:'twemoji:emoji'><white>","ant":"<font:'twemoji:emoji'><white>","apple":"<font:'twemoji:emoji'><white>","aquarius":"<font:'twemoji:emoji'><white>","aries":"<font:'twemoji:emoji'><white>","arrows_clockwise":"<font:'twemoji:emoji'><white>","arrows_counterclockwise":"<font:'twemoji:emoji'><white>","arrow_backward":"<font:'twemoji:emoji'><white>","arrow_double_down":"<font:'twemoji:emoji'><white>","arrow_double_up":"<font:'twemoji:emoji'><white>","arrow_down":"<font:'twemoji:emoji'><white>","arrow_down_small":"<font:'twemoji:emoji'><white>","arrow_forward":"<font:'twemoji:emoji'><white>","arrow_heading_down":"<font:'twemoji:emoji'><white>","arrow_heading_up":"<font:'twemoji:emoji'><white>","arrow_left":"<font:'twemoji:emoji'><white>","arrow_lower_left":"<font:'twemoji:emoji'><white>","arrow_lower_right":"<font:'twemoji:emoji'><white>","arrow_right":"<font:'twemoji:emoji'><white>","arrow_right_hook":"<font:'twemoji:emoji'><white>","arrow_up":"<font:'twemoji:emoji'><white>","arrow_upper_left":"<font:'twemoji:emoji'><white>","arrow_upper_right":"<font:'twemoji:emoji'><white>","arrow_up_down":"<font:'twemoji:emoji'><white>","arrow_up_small":"<font:'twemoji:emoji'><white>","art":"<font:'twemoji:emoji'><white>","articulated_lorry":"<font:'twemoji:emoji'><white>","asterisk":"<font:'twemoji:emoji'><white>","astonished":"<font:'twemoji:emoji'><white>","athletic_shoe":"<font:'twemoji:emoji'><white>","atm":"<font:'twemoji:emoji'><white>","atom":"<font:'twemoji:emoji'><white>","auto_rickshaw":"<font:'twemoji:emoji'><white>","avocado":"<font:'twemoji:emoji'><white>","axe":"<font:'twemoji:emoji'><white>","b":"<font:'twemoji:emoji'><white>","baby":"<font:'twemoji:emoji'><white>","baby_bottle":"<font:'twemoji:emoji'><white>","baby_chick":"<font:'twemoji:emoji'><white>","baby_symbol":"<font:'twemoji:emoji'><white>","back":"<font:'twemoji:emoji'><white>","bacon":"<font:'twemoji:emoji'><white>","badger":"<font:'twemoji:emoji'><white>","badminton":"<font:'twemoji:emoji'><white>","bagel":"<font:'twemoji:emoji'><white>","baggage_claim":"<font:'twemoji:emoji'><white>","ballet_shoes":"<font:'twemoji:emoji'><white>","balloon":"<font:'twemoji:emoji'><white>","ballot_box":"<font:'twemoji:emoji'><white>","ballot_box_with_check":"<font:'twemoji:emoji'><white>","bamboo":"<font:'twemoji:emoji'><white>","banana":"<font:'twemoji:emoji'><white>","bangbang":"<font:'twemoji:emoji'><white>","banjo":"<font:'twemoji:emoji'><white>","bank":"<font:'twemoji:emoji'><white>","barber":"<font:'twemoji:emoji'><white>","bar_chart":"<font:'twemoji:emoji'><white>","baseball":"<font:'twemoji:emoji'><white>","basket":"<font:'twemoji:emoji'><white>","basketball":"<font:'twemoji:emoji'><white>","bat":"<font:'twemoji:emoji'><white>","bath":"<font:'twemoji:emoji'><white>","bathtub":"<font:'twemoji:emoji'><white>","battery":"<font:'twemoji:emoji'><white>","beach":"<font:'twemoji:emoji'><white>","beach_umbrella":"<font:'twemoji:emoji'><white>","bear":"<font:'twemoji:emoji'><white>","bearded_person":"<font:'twemoji:emoji'><white>","bed":"<font:'twemoji:emoji'><white>","bee":"<font:'twemoji:emoji'><white>","beer":"<font:'twemoji:emoji'><white>","beers":"<font:'twemoji:emoji'><white>","beetle":"<font:'twemoji:emoji'><white>","beginner":"<font:'twemoji:emoji'><white>","bell":"<font:'twemoji:emoji'><white>","bellhop":"<font:'twemoji:emoji'><white>","bento":"<font:'twemoji:emoji'><white>","beverage_box":"<font:'twemoji:emoji'><white>","bike":"<font:'twemoji:emoji'><white>","bikini":"<font:'twemoji:emoji'><white>","billed_cap":"<font:'twemoji:emoji'><white>","biohazard":"<font:'twemoji:emoji'><white>","bird":"<font:'twemoji:emoji'><white>","birthday":"<font:'twemoji:emoji'><white>","black_circle":"<font:'twemoji:emoji'><white>","black_heart":"<font:'twemoji:emoji'><white>","black_joker":"<font:'twemoji:emoji'><white>","black_large_square":"<font:'twemoji:emoji'><white>","black_medium_small_square":"<font:'twemoji:emoji'><white>","black_medium_square":"<font:'twemoji:emoji'><white>","black_nib":"<font:'twemoji:emoji'><white>","black_small_square":"<font:'twemoji:emoji'><white>","black_square_button":"<font:'twemoji:emoji'><white>","blond_haired_man":"<font:'twemoji:emoji'><white>","blond_haired_person":"<font:'twemoji:emoji'><white>","blond_haired_woman":"<font:'twemoji:emoji'><white>","blossom":"<font:'twemoji:emoji'><white>","blowfish":"<font:'twemoji:emoji'><white>","blue_book":"<font:'twemoji:emoji'><white>","blue_car":"<font:'twemoji:emoji'><white>","blue_circle":"<font:'twemoji:emoji'><white>","blue_heart":"<font:'twemoji:emoji'><white>","blue_square":"<font:'twemoji:emoji'><white>","blush":"<font:'twemoji:emoji'><white>","boar":"<font:'twemoji:emoji'><white>","bomb":"<font:'twemoji:emoji'><white>","bone":"<font:'twemoji:emoji'><white>","book":"<font:'twemoji:emoji'><white>","bookmark":"<font:'twemoji:emoji'><white>","bookmark_tabs":"<font:'twemoji:emoji'><white>","books":"<font:'twemoji:emoji'><white>","boom":"<font:'twemoji:emoji'><white>","boot":"<font:'twemoji:emoji'><white>","bouquet":"<font:'twemoji:emoji'><white>","bowling":"<font:'twemoji:emoji'><white>","bowl_with_spoon":"<font:'twemoji:emoji'><white>","bow_and_arrow":"<font:'twemoji:emoji'><white>","boxing_glove":"<font:'twemoji:emoji'><white>","boy":"<font:'twemoji:emoji'><white>","brain":"<font:'twemoji:emoji'><white>","bread":"<font:'twemoji:emoji'><white>","breast_feeding":"<font:'twemoji:emoji'><white>","bricks":"<font:'twemoji:emoji'><white>","bride_with_veil":"<font:'twemoji:emoji'><white>","bridge_at_night":"<font:'twemoji:emoji'><white>","briefcase":"<font:'twemoji:emoji'><white>","briefs":"<font:'twemoji:emoji'><white>","broccoli":"<font:'twemoji:emoji'><white>","broken_heart":"<font:'twemoji:emoji'><white>","broom":"<font:'twemoji:emoji'><white>","brown_circle":"<font:'twemoji:emoji'><white>","brown_heart":"<font:'twemoji:emoji'><white>","brown_square":"<font:'twemoji:emoji'><white>","bug":"<font:'twemoji:emoji'><white>","bulb":"<font:'twemoji:emoji'><white>","bullettrain_front":"<font:'twemoji:emoji'><white>","bullettrain_side":"<font:'twemoji:emoji'><white>","burrito":"<font:'twemoji:emoji'><white>","bus":"<font:'twemoji:emoji'><white>","busstop":"<font:'twemoji:emoji'><white>","busts_in_silhouette":"<font:'twemoji:emoji'><white>","bust_in_silhouette":"<font:'twemoji:emoji'><white>","butter":"<font:'twemoji:emoji'><white>","butterfly":"<font:'twemoji:emoji'><white>","cactus":"<font:'twemoji:emoji'><white>","cake":"<font:'twemoji:emoji'><white>","calendar":"<font:'twemoji:emoji'><white>","calendar_spiral":"<font:'twemoji:emoji'><white>","calling":"<font:'twemoji:emoji'><white>","call_me":"<font:'twemoji:emoji'><white>","camel":"<font:'twemoji:emoji'><white>","camera":"<font:'twemoji:emoji'><white>","camera_with_flash":"<font:'twemoji:emoji'><white>","camping":"<font:'twemoji:emoji'><white>","cancer":"<font:'twemoji:emoji'><white>","candle":"<font:'twemoji:emoji'><white>","candy":"<font:'twemoji:emoji'><white>","canned_food":"<font:'twemoji:emoji'><white>","canoe":"<font:'twemoji:emoji'><white>","capital_abcd":"<font:'twemoji:emoji'><white>","capricorn":"<font:'twemoji:emoji'><white>","card_box":"<font:'twemoji:emoji'><white>","card_index":"<font:'twemoji:emoji'><white>","carousel_horse":"<font:'twemoji:emoji'><white>","carrot":"<font:'twemoji:emoji'><white>","cat":"<font:'twemoji:emoji'><white>","cat2":"<font:'twemoji:emoji'><white>","cd":"<font:'twemoji:emoji'><white>","chains":"<font:'twemoji:emoji'><white>","chair":"<font:'twemoji:emoji'><white>","champagne":"<font:'twemoji:emoji'><white>","champagne_glass":"<font:'twemoji:emoji'><white>","chart":"<font:'twemoji:emoji'><white>","chart_with_downwards_trend":"<font:'twemoji:emoji'><white>","chart_with_upwards_trend":"<font:'twemoji:emoji'><white>","checkered_flag":"<font:'twemoji:emoji'><white>","cheese":"<font:'twemoji:emoji'><white>","cherries":"<font:'twemoji:emoji'><white>","cherry_blossom":"<font:'twemoji:emoji'><white>","chess_pawn":"<font:'twemoji:emoji'><white>","chestnut":"<font:'twemoji:emoji'><white>","chicken":"<font:'twemoji:emoji'><white>","child":"<font:'twemoji:emoji'><white>","children_crossing":"<font:'twemoji:emoji'><white>","chipmunk":"<font:'twemoji:emoji'><white>","chocolate_bar":"<font:'twemoji:emoji'><white>","chopsticks":"<font:'twemoji:emoji'><white>","christmas_tree":"<font:'twemoji:emoji'><white>","church":"<font:'twemoji:emoji'><white>","cinema":"<font:'twemoji:emoji'><white>","circus_tent":"<font:'twemoji:emoji'><white>","cityscape":"<font:'twemoji:emoji'><white>","city_dusk":"<font:'twemoji:emoji'><white>","city_sunset":"<font:'twemoji:emoji'><white>","cl":"<font:'twemoji:emoji'><white>","clap":"<font:'twemoji:emoji'><white>","clapper":"<font:'twemoji:emoji'><white>","classical_building":"<font:'twemoji:emoji'><white>","clipboard":"<font:'twemoji:emoji'><white>","clock":"<font:'twemoji:emoji'><white>","clock1":"<font:'twemoji:emoji'><white>","clock10":"<font:'twemoji:emoji'><white>","clock1030":"<font:'twemoji:emoji'><white>","clock11":"<font:'twemoji:emoji'><white>","clock1130":"<font:'twemoji:emoji'><white>","clock12":"<font:'twemoji:emoji'><white>","clock1230":"<font:'twemoji:emoji'><white>","clock130":"<font:'twemoji:emoji'><white>","clock2":"<font:'twemoji:emoji'><white>","clock230":"<font:'twemoji:emoji'><white>","clock3":"<font:'twemoji:emoji'><white>","clock330":"<font:'twemoji:emoji'><white>","clock4":"<font:'twemoji:emoji'><white>","clock430":"<font:'twemoji:emoji'><white>","clock5":"<font:'twemoji:emoji'><white>","clock530":"<font:'twemoji:emoji'><white>","clock6":"<font:'twemoji:emoji'><white>","clock630":"<font:'twemoji:emoji'><white>","clock7":"<font:'twemoji:emoji'><white>","clock730":"<font:'twemoji:emoji'><white>","clock8":"<font:'twemoji:emoji'><white>","clock830":"<font:'twemoji:emoji'><white>","clock9":"<font:'twemoji:emoji'><white>","clock930":"<font:'twemoji:emoji'><white>","closed_book":"<font:'twemoji:emoji'><white>","closed_lock_with_key":"<font:'twemoji:emoji'><white>","closed_umbrella":"<font:'twemoji:emoji'><white>","cloud":"<font:'twemoji:emoji'><white>","cloud_lightning":"<font:'twemoji:emoji'><white>","cloud_rain":"<font:'twemoji:emoji'><white>","cloud_snow":"<font:'twemoji:emoji'><white>","cloud_tornado":"<font:'twemoji:emoji'><white>","clown":"<font:'twemoji:emoji'><white>","clubs":"<font:'twemoji:emoji'><white>","coat":"<font:'twemoji:emoji'><white>","cocktail":"<font:'twemoji:emoji'><white>","coconut":"<font:'twemoji:emoji'><white>","coffee":"<font:'twemoji:emoji'><white>","coffin":"<font:'twemoji:emoji'><white>","cold_face":"<font:'twemoji:emoji'><white>","cold_sweat":"<font:'twemoji:emoji'><white>","comet":"<font:'twemoji:emoji'><white>","compass":"<font:'twemoji:emoji'><white>","compression":"<font:'twemoji:emoji'><white>","computer":"<font:'twemoji:emoji'><white>","confetti_ball":"<font:'twemoji:emoji'><white>","confounded":"<font:'twemoji:emoji'><white>","confused":"<font:'twemoji:emoji'><white>","congratulations":"<font:'twemoji:emoji'><white>","construction":"<font:'twemoji:emoji'><white>","construction_site":"<font:'twemoji:emoji'><white>","construction_worker":"<font:'twemoji:emoji'><white>","control_knobs":"<font:'twemoji:emoji'><white>","convenience_store":"<font:'twemoji:emoji'><white>","cookie":"<font:'twemoji:emoji'><white>","cooking":"<font:'twemoji:emoji'><white>","cool":"<font:'twemoji:emoji'><white>","corn":"<font:'twemoji:emoji'><white>","couch":"<font:'twemoji:emoji'><white>","couple":"<font:'twemoji:emoji'><white>","couplekiss":"<font:'twemoji:emoji'><white>","couple_mm":"<font:'twemoji:emoji'><white>","couple_with_heart":"<font:'twemoji:emoji'><white>","couple_with_heart_woman_man":"<font:'twemoji:emoji'><white>","couple_ww":"<font:'twemoji:emoji'><white>","cow":"<font:'twemoji:emoji'><white>","cow2":"<font:'twemoji:emoji'><white>","cowboy":"<font:'twemoji:emoji'><white>","crab":"<font:'twemoji:emoji'><white>","crayon":"<font:'twemoji:emoji'><white>","credit_card":"<font:'twemoji:emoji'><white>","crescent_moon":"<font:'twemoji:emoji'><white>","cricket":"<font:'twemoji:emoji'><white>","cricket_game":"<font:'twemoji:emoji'><white>","crocodile":"<font:'twemoji:emoji'><white>","croissant":"<font:'twemoji:emoji'><white>","cross":"<font:'twemoji:emoji'><white>","crossed_flags":"<font:'twemoji:emoji'><white>","crossed_swords":"<font:'twemoji:emoji'><white>","crown":"<font:'twemoji:emoji'><white>","cruise_ship":"<font:'twemoji:emoji'><white>","cry":"<font:'twemoji:emoji'><white>","crying_cat_face":"<font:'twemoji:emoji'><white>","crystal_ball":"<font:'twemoji:emoji'><white>","cucumber":"<font:'twemoji:emoji'><white>","cupcake":"<font:'twemoji:emoji'><white>","cupid":"<font:'twemoji:emoji'><white>","cup_with_straw":"<font:'twemoji:emoji'><white>","curling_stone":"<font:'twemoji:emoji'><white>","curly_loop":"<font:'twemoji:emoji'><white>","currency_exchange":"<font:'twemoji:emoji'><white>","curry":"<font:'twemoji:emoji'><white>","custard":"<font:'twemoji:emoji'><white>","customs":"<font:'twemoji:emoji'><white>","cut_of_meat":"<font:'twemoji:emoji'><white>","cyclone":"<font:'twemoji:emoji'><white>","dagger":"<font:'twemoji:emoji'><white>","dancer":"<font:'twemoji:emoji'><white>","dango":"<font:'twemoji:emoji'><white>","dark_sunglasses":"<font:'twemoji:emoji'><white>","dart":"<font:'twemoji:emoji'><white>","dash":"<font:'twemoji:emoji'><white>","date":"<font:'twemoji:emoji'><white>","deaf_man":"<font:'twemoji:emoji'><white>","deaf_person":"<font:'twemoji:emoji'><white>","deaf_woman":"<font:'twemoji:emoji'><white>","deciduous_tree":"<font:'twemoji:emoji'><white>","deer":"<font:'twemoji:emoji'><white>","department_store":"<font:'twemoji:emoji'><white>","desert":"<font:'twemoji:emoji'><white>","desktop":"<font:'twemoji:emoji'><white>","detective":"<font:'twemoji:emoji'><white>","diamonds":"<font:'twemoji:emoji'><white>","diamond_shape_with_a_dot_inside":"<font:'twemoji:emoji'><white>","disappointed":"<font:'twemoji:emoji'><white>","disappointed_relieved":"<font:'twemoji:emoji'><white>","dividers":"<font:'twemoji:emoji'><white>","diving_mask":"<font:'twemoji:emoji'><white>","diya_lamp":"<font:'twemoji:emoji'><white>","dizzy":"<font:'twemoji:emoji'><white>","dizzy_face":"<font:'twemoji:emoji'><white>","dna":"<font:'twemoji:emoji'><white>","dog":"<font:'twemoji:emoji'><white>","dog2":"<font:'twemoji:emoji'><white>","dollar":"<font:'twemoji:emoji'><white>","dolls":"<font:'twemoji:emoji'><white>","dolphin":"<font:'twemoji:emoji'><white>","door":"<font:'twemoji:emoji'><white>","doughnut":"<font:'twemoji:emoji'><white>","dove":"<font:'twemoji:emoji'><white>","do_not_litter":"<font:'twemoji:emoji'><white>","dragon":"<font:'twemoji:emoji'><white>","dragon_face":"<font:'twemoji:emoji'><white>","dress":"<font:'twemoji:emoji'><white>","dromedary_camel":"<font:'twemoji:emoji'><white>","drooling_face":"<font:'twemoji:emoji'><white>","droplet":"<font:'twemoji:emoji'><white>","drop_of_blood":"<font:'twemoji:emoji'><white>","drum":"<font:'twemoji:emoji'><white>","duck":"<font:'twemoji:emoji'><white>","dumpling":"<font:'twemoji:emoji'><white>","dvd":"<font:'twemoji:emoji'><white>","eagle":"<font:'twemoji:emoji'><white>","ear":"<font:'twemoji:emoji'><white>","earth_africa":"<font:'twemoji:emoji'><white>","earth_americas":"<font:'twemoji:emoji'><white>","earth_asia":"<font:'twemoji:emoji'><white>","ear_of_rice":"<font:'twemoji:emoji'><white>","ear_with_hearing_aid":"<font:'twemoji:emoji'><white>","egg":"<font:'twemoji:emoji'><white>","eggplant":"<font:'twemoji:emoji'><white>","eight":"<font:'twemoji:emoji'><white>","eight_pointed_black_star":"<font:'twemoji:emoji'><white>","eight_spoked_asterisk":"<font:'twemoji:emoji'><white>","eject":"<font:'twemoji:emoji'><white>","electric_plug":"<font:'twemoji:emoji'><white>","elephant":"<font:'twemoji:emoji'><white>","elf":"<font:'twemoji:emoji'><white>","end":"<font:'twemoji:emoji'><white>","england":"<font:'twemoji:emoji'><white>","envelope":"<font:'twemoji:emoji'><white>","envelope_with_arrow":"<font:'twemoji:emoji'><white>","euro":"<font:'twemoji:emoji'><white>","european_castle":"<font:'twemoji:emoji'><white>","european_post_office":"<font:'twemoji:emoji'><white>","evergreen_tree":"<font:'twemoji:emoji'><white>","exclamation":"<font:'twemoji:emoji'><white>","exploding_head":"<font:'twemoji:emoji'><white>","expressionless":"<font:'twemoji:emoji'><white>","eye":"<font:'twemoji:emoji'><white>","eyeglasses":"<font:'twemoji:emoji'><white>","eyes":"<font:'twemoji:emoji'><white>","eye_in_speech_bubble":"<font:'twemoji:emoji'><white>","e_mail":"<font:'twemoji:emoji'><white>","face_vomiting":"<font:'twemoji:emoji'><white>","face_with_hand_over_mouth":"<font:'twemoji:emoji'><white>","face_with_monocle":"<font:'twemoji:emoji'><white>","face_with_raised_eyebrow":"<font:'twemoji:emoji'><white>","face_with_symbols_over_mouth":"<font:'twemoji:emoji'><white>","factory":"<font:'twemoji:emoji'><white>","fairy":"<font:'twemoji:emoji'><white>","falafel":"<font:'twemoji:emoji'><white>","fallen_leaf":"<font:'twemoji:emoji'><white>","family":"<font:'twemoji:emoji'><white>","family_man_boy":"<font:'twemoji:emoji'><white>","family_man_boy_boy":"<font:'twemoji:emoji'><white>","family_man_girl":"<font:'twemoji:emoji'><white>","family_man_girl_boy":"<font:'twemoji:emoji'><white>","family_man_girl_girl":"<font:'twemoji:emoji'><white>","family_man_woman_boy":"<font:'twemoji:emoji'><white>","family_mmb":"<font:'twemoji:emoji'><white>","family_mmbb":"<font:'twemoji:emoji'><white>","family_mmg":"<font:'twemoji:emoji'><white>","family_mmgb":"<font:'twemoji:emoji'><white>","family_mmgg":"<font:'twemoji:emoji'><white>","family_mwbb":"<font:'twemoji:emoji'><white>","family_mwg":"<font:'twemoji:emoji'><white>","family_mwgb":"<font:'twemoji:emoji'><white>","family_mwgg":"<font:'twemoji:emoji'><white>","family_woman_boy":"<font:'twemoji:emoji'><white>","family_woman_boy_boy":"<font:'twemoji:emoji'><white>","family_woman_girl":"<font:'twemoji:emoji'><white>","family_woman_girl_boy":"<font:'twemoji:emoji'><white>","family_woman_girl_girl":"<font:'twemoji:emoji'><white>","family_wwb":"<font:'twemoji:emoji'><white>","family_wwbb":"<font:'twemoji:emoji'><white>","family_wwg":"<font:'twemoji:emoji'><white>","family_wwgb":"<font:'twemoji:emoji'><white>","family_wwgg":"<font:'twemoji:emoji'><white>","fast_forward":"<font:'twemoji:emoji'><white>","fax":"<font:'twemoji:emoji'><white>","fearful":"<font:'twemoji:emoji'><white>","feet":"<font:'twemoji:emoji'><white>","female_sign":"<font:'twemoji:emoji'><white>","ferris_wheel":"<font:'twemoji:emoji'><white>","ferry":"<font:'twemoji:emoji'><white>","field_hockey":"<font:'twemoji:emoji'><white>","file_cabinet":"<font:'twemoji:emoji'><white>","file_folder":"<font:'twemoji:emoji'><white>","film_frames":"<font:'twemoji:emoji'><white>","fingers_crossed":"<font:'twemoji:emoji'><white>","fire":"<font:'twemoji:emoji'><white>","firecracker":"<font:'twemoji:emoji'><white>","fireworks":"<font:'twemoji:emoji'><white>","fire_engine":"<font:'twemoji:emoji'><white>","fire_extinguisher":"<font:'twemoji:emoji'><white>","first_place":"<font:'twemoji:emoji'><white>","first_quarter_moon":"<font:'twemoji:emoji'><white>","first_quarter_moon_with_face":"<font:'twemoji:emoji'><white>","fish":"<font:'twemoji:emoji'><white>","fishing_pole_and_fish":"<font:'twemoji:emoji'><white>","fish_cake":"<font:'twemoji:emoji'><white>","fist":"<font:'twemoji:emoji'><white>","five":"<font:'twemoji:emoji'><white>","flags":"<font:'twemoji:emoji'><white>","flag_ac":"<font:'twemoji:emoji'><white>","flag_ad":"<font:'twemoji:emoji'><white>","flag_ae":"<font:'twemoji:emoji'><white>","flag_af":"<font:'twemoji:emoji'><white>","flag_ag":"<font:'twemoji:emoji'><white>","flag_ai":"<font:'twemoji:emoji'><white>","flag_al":"<font:'twemoji:emoji'><white>","flag_am":"<font:'twemoji:emoji'><white>","flag_ao":"<font:'twemoji:emoji'><white>","flag_aq":"<font:'twemoji:emoji'><white>","flag_ar":"<font:'twemoji:emoji'><white>","flag_as":"<font:'twemoji:emoji'><white>","flag_at":"<font:'twemoji:emoji'><white>","flag_au":"<font:'twemoji:emoji'><white>","flag_aw":"<font:'twemoji:emoji'><white>","flag_ax":"<font:'twemoji:emoji'><white>","flag_az":"<font:'twemoji:emoji'><white>","flag_ba":"<font:'twemoji:emoji'><white>","flag_bb":"<font:'twemoji:emoji'><white>","flag_bd":"<font:'twemoji:emoji'><white>","flag_be":"<font:'twemoji:emoji'><white>","flag_bf":"<font:'twemoji:emoji'><white>","flag_bg":"<font:'twemoji:emoji'><white>","flag_bh":"<font:'twemoji:emoji'><white>","flag_bi":"<font:'twemoji:emoji'><white>","flag_bj":"<font:'twemoji:emoji'><white>","flag_bl":"<font:'twemoji:emoji'><white>","flag_black":"<font:'twemoji:emoji'><white>","flag_bm":"<font:'twemoji:emoji'><white>","flag_bn":"<font:'twemoji:emoji'><white>","flag_bo":"<font:'twemoji:emoji'><white>","flag_bq":"<font:'twemoji:emoji'><white>","flag_br":"<font:'twemoji:emoji'><white>","flag_bs":"<font:'twemoji:emoji'><white>","flag_bt":"<font:'twemoji:emoji'><white>","flag_bv":"<font:'twemoji:emoji'><white>","flag_bw":"<font:'twemoji:emoji'><white>","flag_by":"<font:'twemoji:emoji'><white>","flag_bz":"<font:'twemoji:emoji'><white>","flag_ca":"<font:'twemoji:emoji'><white>","flag_cc":"<font:'twemoji:emoji'><white>","flag_cd":"<font:'twemoji:emoji'><white>","flag_cf":"<font:'twemoji:emoji'><white>","flag_cg":"<font:'twemoji:emoji'><white>","flag_ch":"<font:'twemoji:emoji'><white>","flag_ci":"<font:'twemoji:emoji'><white>","flag_ck":"<font:'twemoji:emoji'><white>","flag_cl":"<font:'twemoji:emoji'><white>","flag_cm":"<font:'twemoji:emoji'><white>","flag_cn":"<font:'twemoji:emoji'><white>","flag_co":"<font:'twemoji:emoji'><white>","flag_cp":"<font:'twemoji:emoji'><white>","flag_cr":"<font:'twemoji:emoji'><white>","flag_cu":"<font:'twemoji:emoji'><white>","flag_cv":"<font:'twemoji:emoji'><white>","flag_cw":"<font:'twemoji:emoji'><white>","flag_cx":"<font:'twemoji:emoji'><white>","flag_cy":"<font:'twemoji:emoji'><white>","flag_cz":"<font:'twemoji:emoji'><white>","flag_de":"<font:'twemoji:emoji'><white>","flag_dg":"<font:'twemoji:emoji'><white>","flag_dj":"<font:'twemoji:emoji'><white>","flag_dk":"<font:'twemoji:emoji'><white>","flag_dm":"<font:'twemoji:emoji'><white>","flag_do":"<font:'twemoji:emoji'><white>","flag_dz":"<font:'twemoji:emoji'><white>","flag_ea":"<font:'twemoji:emoji'><white>","flag_ec":"<font:'twemoji:emoji'><white>","flag_ee":"<font:'twemoji:emoji'><white>","flag_eg":"<font:'twemoji:emoji'><white>","flag_eh":"<font:'twemoji:emoji'><white>","flag_er":"<font:'twemoji:emoji'><white>","flag_es":"<font:'twemoji:emoji'><white>","flag_et":"<font:'twemoji:emoji'><white>","flag_eu":"<font:'twemoji:emoji'><white>","flag_fi":"<font:'twemoji:emoji'><white>","flag_fj":"<font:'twemoji:emoji'><white>","flag_fk":"<font:'twemoji:emoji'><white>","flag_fm":"<font:'twemoji:emoji'><white>","flag_fo":"<font:'twemoji:emoji'><white>","flag_fr":"<font:'twemoji:emoji'><white>","flag_ga":"<font:'twemoji:emoji'><white>","flag_gb":"<font:'twemoji:emoji'><white>","flag_gd":"<font:'twemoji:emoji'><white>","flag_ge":"<font:'twemoji:emoji'><white>","flag_gf":"<font:'twemoji:emoji'><white>","flag_gg":"<font:'twemoji:emoji'><white>","flag_gh":"<font:'twemoji:emoji'><white>","flag_gi":"<font:'twemoji:emoji'><white>","flag_gl":"<font:'twemoji:emoji'><white>","flag_gm":"<font:'twemoji:emoji'><white>","flag_gn":"<font:'twemoji:emoji'><white>","flag_gp":"<font:'twemoji:emoji'><white>","flag_gq":"<font:'twemoji:emoji'><white>","flag_gr":"<font:'twemoji:emoji'><white>","flag_gs":"<font:'twemoji:emoji'><white>","flag_gt":"<font:'twemoji:emoji'><white>","flag_gu":"<font:'twemoji:emoji'><white>","flag_gw":"<font:'twemoji:emoji'><white>","flag_gy":"<font:'twemoji:emoji'><white>","flag_hk":"<font:'twemoji:emoji'><white>","flag_hm":"<font:'twemoji:emoji'><white>","flag_hn":"<font:'twemoji:emoji'><white>","flag_hr":"<font:'twemoji:emoji'><white>","flag_ht":"<font:'twemoji:emoji'><white>","flag_hu":"<font:'twemoji:emoji'><white>","flag_ic":"<font:'twemoji:emoji'><white>","flag_id":"<font:'twemoji:emoji'><white>","flag_ie":"<font:'twemoji:emoji'><white>","flag_il":"<font:'twemoji:emoji'><white>","flag_im":"<font:'twemoji:emoji'><white>","flag_in":"<font:'twemoji:emoji'><white>","flag_io":"<font:'twemoji:emoji'><white>","flag_iq":"<font:'twemoji:emoji'><white>","flag_ir":"<font:'twemoji:emoji'><white>","flag_is":"<font:'twemoji:emoji'><white>","flag_it":"<font:'twemoji:emoji'><white>","flag_je":"<font:'twemoji:emoji'><white>","flag_jm":"<font:'twemoji:emoji'><white>","flag_jo":"<font:'twemoji:emoji'><white>","flag_jp":"<font:'twemoji:emoji'><white>","flag_ke":"<font:'twemoji:emoji'><white>","flag_kg":"<font:'twemoji:emoji'><white>","flag_kh":"<font:'twemoji:emoji'><white>","flag_ki":"<font:'twemoji:emoji'><white>","flag_km":"<font:'twemoji:emoji'><white>","flag_kn":"<font:'twemoji:emoji'><white>","flag_kp":"<font:'twemoji:emoji'><white>","flag_kr":"<font:'twemoji:emoji'><white>","flag_kw":"<font:'twemoji:emoji'><white>","flag_ky":"<font:'twemoji:emoji'><white>","flag_kz":"<font:'twemoji:emoji'><white>","flag_la":"<font:'twemoji:emoji'><white>","flag_lb":"<font:'twemoji:emoji'><white>","flag_lc":"<font:'twemoji:emoji'><white>","flag_li":"<font:'twemoji:emoji'><white>","flag_lk":"<font:'twemoji:emoji'><white>","flag_lr":"<font:'twemoji:emoji'><white>","flag_ls":"<font:'twemoji:emoji'><white>","flag_lt":"<font:'twemoji:emoji'><white>","flag_lu":"<font:'twemoji:emoji'><white>","flag_lv":"<font:'twemoji:emoji'><white>","flag_ly":"<font:'twemoji:emoji'><white>","flag_ma":"<font:'twemoji:emoji'><white>","flag_mc":"<font:'twemoji:emoji'><white>","flag_md":"<font:'twemoji:emoji'><white>","flag_me":"<font:'twemoji:emoji'><white>","flag_mf":"<font:'twemoji:emoji'><white>","flag_mg":"<font:'twemoji:emoji'><white>","flag_mh":"<font:'twemoji:emoji'><white>","flag_mk":"<font:'twemoji:emoji'><white>","flag_ml":"<font:'twemoji:emoji'><white>","flag_mm":"<font:'twemoji:emoji'><white>","flag_mn":"<font:'twemoji:emoji'><white>","flag_mo":"<font:'twemoji:emoji'><white>","flag_mp":"<font:'twemoji:emoji'><white>","flag_mq":"<font:'twemoji:emoji'><white>","flag_mr":"<font:'twemoji:emoji'><white>","flag_ms":"<font:'twemoji:emoji'><white>","flag_mt":"<font:'twemoji:emoji'><white>","flag_mu":"<font:'twemoji:emoji'><white>","flag_mv":"<font:'twemoji:emoji'><white>","flag_mw":"<font:'twemoji:emoji'><white>","flag_mx":"<font:'twemoji:emoji'><white>","flag_my":"<font:'twemoji:emoji'><white>","flag_mz":"<font:'twemoji:emoji'><white>","flag_na":"<font:'twemoji:emoji'><white>","flag_nc":"<font:'twemoji:emoji'><white>","flag_ne":"<font:'twemoji:emoji'><white>","flag_nf":"<font:'twemoji:emoji'><white>","flag_ng":"<font:'twemoji:emoji'><white>","flag_ni":"<font:'twemoji:emoji'><white>","flag_nl":"<font:'twemoji:emoji'><white>","flag_no":"<font:'twemoji:emoji'><white>","flag_np":"<font:'twemoji:emoji'><white>","flag_nr":"<font:'twemoji:emoji'><white>","flag_nu":"<font:'twemoji:emoji'><white>","flag_nz":"<font:'twemoji:emoji'><white>","flag_om":"<font:'twemoji:emoji'><white>","flag_pa":"<font:'twemoji:emoji'><white>","flag_pe":"<font:'twemoji:emoji'><white>","flag_pf":"<font:'twemoji:emoji'><white>","flag_pg":"<font:'twemoji:emoji'><white>","flag_ph":"<font:'twemoji:emoji'><white>","flag_pk":"<font:'twemoji:emoji'><white>","flag_pl":"<font:'twemoji:emoji'><white>","flag_pm":"<font:'twemoji:emoji'><white>","flag_pn":"<font:'twemoji:emoji'><white>","flag_pr":"<font:'twemoji:emoji'><white>","flag_ps":"<font:'twemoji:emoji'><white>","flag_pt":"<font:'twemoji:emoji'><white>","flag_pw":"<font:'twemoji:emoji'><white>","flag_py":"<font:'twemoji:emoji'><white>","flag_qa":"<font:'twemoji:emoji'><white>","flag_re":"<font:'twemoji:emoji'><white>","flag_ro":"<font:'twemoji:emoji'><white>","flag_rs":"<font:'twemoji:emoji'><white>","flag_ru":"<font:'twemoji:emoji'><white>","flag_rw":"<font:'twemoji:emoji'><white>","flag_sa":"<font:'twemoji:emoji'><white>","flag_sb":"<font:'twemoji:emoji'><white>","flag_sc":"<font:'twemoji:emoji'><white>","flag_sd":"<font:'twemoji:emoji'><white>","flag_se":"<font:'twemoji:emoji'><white>","flag_sg":"<font:'twemoji:emoji'><white>","flag_sh":"<font:'twemoji:emoji'><white>","flag_si":"<font:'twemoji:emoji'><white>","flag_sj":"<font:'twemoji:emoji'><white>","flag_sk":"<font:'twemoji:emoji'><white>","flag_sl":"<font:'twemoji:emoji'><white>","flag_sm":"<font:'twemoji:emoji'><white>","flag_sn":"<font:'twemoji:emoji'><white>","flag_so":"<font:'twemoji:emoji'><white>","flag_sr":"<font:'twemoji:emoji'><white>","flag_ss":"<font:'twemoji:emoji'><white>","flag_st":"<font:'twemoji:emoji'><white>","flag_sv":"<font:'twemoji:emoji'><white>","flag_sx":"<font:'twemoji:emoji'><white>","flag_sy":"<font:'twemoji:emoji'><white>","flag_sz":"<font:'twemoji:emoji'><white>","flag_ta":"<font:'twemoji:emoji'><white>","flag_tc":"<font:'twemoji:emoji'><white>","flag_td":"<font:'twemoji:emoji'><white>","flag_tf":"<font:'twemoji:emoji'><white>","flag_tg":"<font:'twemoji:emoji'><white>","flag_th":"<font:'twemoji:emoji'><white>","flag_tj":"<font:'twemoji:emoji'><white>","flag_tk":"<font:'twemoji:emoji'><white>","flag_tl":"<font:'twemoji:emoji'><white>","flag_tm":"<font:'twemoji:emoji'><white>","flag_tn":"<font:'twemoji:emoji'><white>","flag_to":"<font:'twemoji:emoji'><white>","flag_tr":"<font:'twemoji:emoji'><white>","flag_tt":"<font:'twemoji:emoji'><white>","flag_tv":"<font:'twemoji:emoji'><white>","flag_tw":"<font:'twemoji:emoji'><white>","flag_tz":"<font:'twemoji:emoji'><white>","flag_ua":"<font:'twemoji:emoji'><white>","flag_ug":"<font:'twemoji:emoji'><white>","flag_um":"<font:'twemoji:emoji'><white>","flag_us":"<font:'twemoji:emoji'><white>","flag_uy":"<font:'twemoji:emoji'><white>","flag_uz":"<font:'twemoji:emoji'><white>","flag_va":"<font:'twemoji:emoji'><white>","flag_vc":"<font:'twemoji:emoji'><white>","flag_ve":"<font:'twemoji:emoji'><white>","flag_vg":"<font:'twemoji:emoji'><white>","flag_vi":"<font:'twemoji:emoji'><white>","flag_vn":"<font:'twemoji:emoji'><white>","flag_vu":"<font:'twemoji:emoji'><white>","flag_wf":"<font:'twemoji:emoji'><white>","flag_white":"<font:'twemoji:emoji'><white>","flag_ws":"<font:'twemoji:emoji'><white>","flag_xk":"<font:'twemoji:emoji'><white>","flag_ye":"<font:'twemoji:emoji'><white>","flag_yt":"<font:'twemoji:emoji'><white>","flag_za":"<font:'twemoji:emoji'><white>","flag_zm":"<font:'twemoji:emoji'><white>","flag_zw":"<font:'twemoji:emoji'><white>","flamingo":"<font:'twemoji:emoji'><white>","flashlight":"<font:'twemoji:emoji'><white>","fleur_de_lis":"<font:'twemoji:emoji'><white>","floppy_disk":"<font:'twemoji:emoji'><white>","flower_playing_cards":"<font:'twemoji:emoji'><white>","flushed":"<font:'twemoji:emoji'><white>","flying_disc":"<font:'twemoji:emoji'><white>","flying_saucer":"<font:'twemoji:emoji'><white>","fog":"<font:'twemoji:emoji'><white>","foggy":"<font:'twemoji:emoji'><white>","foot":"<font:'twemoji:emoji'><white>","football":"<font:'twemoji:emoji'><white>","footprints":"<font:'twemoji:emoji'><white>","fork_and_knife":"<font:'twemoji:emoji'><white>","fork_knife_plate":"<font:'twemoji:emoji'><white>","fortune_cookie":"<font:'twemoji:emoji'><white>","fountain":"<font:'twemoji:emoji'><white>","four":"<font:'twemoji:emoji'><white>","four_leaf_clover":"<font:'twemoji:emoji'><white>","fox":"<font:'twemoji:emoji'><white>","frame_photo":"<font:'twemoji:emoji'><white>","free":"<font:'twemoji:emoji'><white>","french_bread":"<font:'twemoji:emoji'><white>","fried_shrimp":"<font:'twemoji:emoji'><white>","fries":"<font:'twemoji:emoji'><white>","frog":"<font:'twemoji:emoji'><white>","frowning":"<font:'twemoji:emoji'><white>","frowning2":"<font:'twemoji:emoji'><white>","fuelpump":"<font:'twemoji:emoji'><white>","full_moon":"<font:'twemoji:emoji'><white>","full_moon_with_face":"<font:'twemoji:emoji'><white>","game_die":"<font:'twemoji:emoji'><white>","garlic":"<font:'twemoji:emoji'><white>","gear":"<font:'twemoji:emoji'><white>","gem":"<font:'twemoji:emoji'><white>","gemini":"<font:'twemoji:emoji'><white>","genie":"<font:'twemoji:emoji'><white>","ghost":"<font:'twemoji:emoji'><white>","gift":"<font:'twemoji:emoji'><white>","gift_heart":"<font:'twemoji:emoji'><white>","giraffe":"<font:'twemoji:emoji'><white>","girl":"<font:'twemoji:emoji'><white>","globe_with_meridians":"<font:'twemoji:emoji'><white>","gloves":"<font:'twemoji:emoji'><white>","goal":"<font:'twemoji:emoji'><white>","goat":"<font:'twemoji:emoji'><white>","goggles":"<font:'twemoji:emoji'><white>","golf":"<font:'twemoji:emoji'><white>","gorilla":"<font:'twemoji:emoji'><white>","grapes":"<font:'twemoji:emoji'><white>","green_apple":"<font:'twemoji:emoji'><white>","green_book":"<font:'twemoji:emoji'><white>","green_circle":"<font:'twemoji:emoji'><white>","green_heart":"<font:'twemoji:emoji'><white>","green_square":"<font:'twemoji:emoji'><white>","grey_exclamation":"<font:'twemoji:emoji'><white>","grey_question":"<font:'twemoji:emoji'><white>","grimacing":"<font:'twemoji:emoji'><white>","grin":"<font:'twemoji:emoji'><white>","grinning":"<font:'twemoji:emoji'><white>","guard":"<font:'twemoji:emoji'><white>","guide_dog":"<font:'twemoji:emoji'><white>","guitar":"<font:'twemoji:emoji'><white>","gun":"<font:'twemoji:emoji'><white>","hamburger":"<font:'twemoji:emoji'><white>","hammer":"<font:'twemoji:emoji'><white>","hammer_pick":"<font:'twemoji:emoji'><white>","hamster":"<font:'twemoji:emoji'><white>","handbag":"<font:'twemoji:emoji'><white>","handshake":"<font:'twemoji:emoji'><white>","hand_splayed":"<font:'twemoji:emoji'><white>","hash":"<font:'twemoji:emoji'><white>","hatched_chick":"<font:'twemoji:emoji'><white>","hatching_chick":"<font:'twemoji:emoji'><white>","headphones":"<font:'twemoji:emoji'><white>","head_bandage":"<font:'twemoji:emoji'><white>","heart":"<font:'twemoji:emoji'><white>","heartbeat":"<font:'twemoji:emoji'><white>","heartpulse":"<font:'twemoji:emoji'><white>","hearts":"<font:'twemoji:emoji'><white>","heart_decoration":"<font:'twemoji:emoji'><white>","heart_exclamation":"<font:'twemoji:emoji'><white>","heart_eyes":"<font:'twemoji:emoji'><white>","heart_eyes_cat":"<font:'twemoji:emoji'><white>","hear_no_evil":"<font:'twemoji:emoji'><white>","heavy_check_mark":"<font:'twemoji:emoji'><white>","heavy_division_sign":"<font:'twemoji:emoji'><white>","heavy_dollar_sign":"<font:'twemoji:emoji'><white>","heavy_minus_sign":"<font:'twemoji:emoji'><white>","heavy_multiplication_x":"<font:'twemoji:emoji'><white>","heavy_plus_sign":"<font:'twemoji:emoji'><white>","hedgehog":"<font:'twemoji:emoji'><white>","helicopter":"<font:'twemoji:emoji'><white>","helmet_with_cross":"<font:'twemoji:emoji'><white>","herb":"<font:'twemoji:emoji'><white>","hibiscus":"<font:'twemoji:emoji'><white>","high_brightness":"<font:'twemoji:emoji'><white>","high_heel":"<font:'twemoji:emoji'><white>","hiking_boot":"<font:'twemoji:emoji'><white>","hindu_temple":"<font:'twemoji:emoji'><white>","hippopotamus":"<font:'twemoji:emoji'><white>","hockey":"<font:'twemoji:emoji'><white>","hole":"<font:'twemoji:emoji'><white>","homes":"<font:'twemoji:emoji'><white>","honey_pot":"<font:'twemoji:emoji'><white>","horse":"<font:'twemoji:emoji'><white>","horse_racing":"<font:'twemoji:emoji'><white>","hospital":"<font:'twemoji:emoji'><white>","hotdog":"<font:'twemoji:emoji'><white>","hotel":"<font:'twemoji:emoji'><white>","hotsprings":"<font:'twemoji:emoji'><white>","hot_face":"<font:'twemoji:emoji'><white>","hot_pepper":"<font:'twemoji:emoji'><white>","hourglass":"<font:'twemoji:emoji'><white>","hourglass_flowing_sand":"<font:'twemoji:emoji'><white>","house":"<font:'twemoji:emoji'><white>","house_abandoned":"<font:'twemoji:emoji'><white>","house_with_garden":"<font:'twemoji:emoji'><white>","hugging":"<font:'twemoji:emoji'><white>","hushed":"<font:'twemoji:emoji'><white>","icecream":"<font:'twemoji:emoji'><white>","ice_cream":"<font:'twemoji:emoji'><white>","ice_cube":"<font:'twemoji:emoji'><white>","ice_skate":"<font:'twemoji:emoji'><white>","id":"<font:'twemoji:emoji'><white>","ideograph_advantage":"<font:'twemoji:emoji'><white>","imp":"<font:'twemoji:emoji'><white>","inbox_tray":"<font:'twemoji:emoji'><white>","incoming_envelope":"<font:'twemoji:emoji'><white>","infinity":"<font:'twemoji:emoji'><white>","information_source":"<font:'twemoji:emoji'><white>","innocent":"<font:'twemoji:emoji'><white>","interrobang":"<font:'twemoji:emoji'><white>","iphone":"<font:'twemoji:emoji'><white>","island":"<font:'twemoji:emoji'><white>","izakaya_lantern":"<font:'twemoji:emoji'><white>","jack_o_lantern":"<font:'twemoji:emoji'><white>","japan":"<font:'twemoji:emoji'><white>","japanese_castle":"<font:'twemoji:emoji'><white>","japanese_goblin":"<font:'twemoji:emoji'><white>","japanese_ogre":"<font:'twemoji:emoji'><white>","jeans":"<font:'twemoji:emoji'><white>","jigsaw":"<font:'twemoji:emoji'><white>","joy":"<font:'twemoji:emoji'><white>","joystick":"<font:'twemoji:emoji'><white>","joy_cat":"<font:'twemoji:emoji'><white>","kaaba":"<font:'twemoji:emoji'><white>","kangaroo":"<font:'twemoji:emoji'><white>","key":"<font:'twemoji:emoji'><white>","key2":"<font:'twemoji:emoji'><white>","keyboard":"<font:'twemoji:emoji'><white>","keycap_ten":"<font:'twemoji:emoji'><white>","kimono":"<font:'twemoji:emoji'><white>","kiss":"<font:'twemoji:emoji'><white>","kissing":"<font:'twemoji:emoji'><white>","kissing_cat":"<font:'twemoji:emoji'><white>","kissing_closed_eyes":"<font:'twemoji:emoji'><white>","kissing_heart":"<font:'twemoji:emoji'><white>","kissing_smiling_eyes":"<font:'twemoji:emoji'><white>","kiss_mm":"<font:'twemoji:emoji'><white>","kiss_woman_man":"<font:'twemoji:emoji'><white>","kiss_ww":"<font:'twemoji:emoji'><white>","kite":"<font:'twemoji:emoji'><white>","kiwi":"<font:'twemoji:emoji'><white>","knife":"<font:'twemoji:emoji'><white>","koala":"<font:'twemoji:emoji'><white>","koko":"<font:'twemoji:emoji'><white>","label":"<font:'twemoji:emoji'><white>","lab_coat":"<font:'twemoji:emoji'><white>","lacrosse":"<font:'twemoji:emoji'><white>","large_blue_diamond":"<font:'twemoji:emoji'><white>","large_orange_diamond":"<font:'twemoji:emoji'><white>","last_quarter_moon":"<font:'twemoji:emoji'><white>","last_quarter_moon_with_face":"<font:'twemoji:emoji'><white>","laughing":"<font:'twemoji:emoji'><white>","leafy_green":"<font:'twemoji:emoji'><white>","leaves":"<font:'twemoji:emoji'><white>","ledger":"<font:'twemoji:emoji'><white>","leftwards_arrow_with_hook":"<font:'twemoji:emoji'><white>","left_facing_fist":"<font:'twemoji:emoji'><white>","left_luggage":"<font:'twemoji:emoji'><white>","left_right_arrow":"<font:'twemoji:emoji'><white>","leg":"<font:'twemoji:emoji'><white>","lemon":"<font:'twemoji:emoji'><white>","leo":"<font:'twemoji:emoji'><white>","leopard":"<font:'twemoji:emoji'><white>","level_slider":"<font:'twemoji:emoji'><white>","levitate":"<font:'twemoji:emoji'><white>","libra":"<font:'twemoji:emoji'><white>","light_rail":"<font:'twemoji:emoji'><white>","link":"<font:'twemoji:emoji'><white>","lion_face":"<font:'twemoji:emoji'><white>","lips":"<font:'twemoji:emoji'><white>","lipstick":"<font:'twemoji:emoji'><white>","lizard":"<font:'twemoji:emoji'><white>","llama":"<font:'twemoji:emoji'><white>","lobster":"<font:'twemoji:emoji'><white>","lock":"<font:'twemoji:emoji'><white>","lock_with_ink_pen":"<font:'twemoji:emoji'><white>","lollipop":"<font:'twemoji:emoji'><white>","loop":"<font:'twemoji:emoji'><white>","loudspeaker":"<font:'twemoji:emoji'><white>","loud_sound":"<font:'twemoji:emoji'><white>","love_hotel":"<font:'twemoji:emoji'><white>","love_letter":"<font:'twemoji:emoji'><white>","love_you_gesture":"<font:'twemoji:emoji'><white>","low_brightness":"<font:'twemoji:emoji'><white>","luggage":"<font:'twemoji:emoji'><white>","lying_face":"<font:'twemoji:emoji'><white>","m":"<font:'twemoji:emoji'><white>","mag":"<font:'twemoji:emoji'><white>","mage":"<font:'twemoji:emoji'><white>","magnet":"<font:'twemoji:emoji'><white>","mag_right":"<font:'twemoji:emoji'><white>","mahjong":"<font:'twemoji:emoji'><white>","mailbox":"<font:'twemoji:emoji'><white>","mailbox_closed":"<font:'twemoji:emoji'><white>","mailbox_with_mail":"<font:'twemoji:emoji'><white>","mailbox_with_no_mail":"<font:'twemoji:emoji'><white>","male_sign":"<font:'twemoji:emoji'><white>","man":"<font:'twemoji:emoji'><white>","mango":"<font:'twemoji:emoji'><white>","mans_shoe":"<font:'twemoji:emoji'><white>","manual_wheelchair":"<font:'twemoji:emoji'><white>","man_artist":"<font:'twemoji:emoji'><white>","man_astronaut":"<font:'twemoji:emoji'><white>","man_bald":"<font:'twemoji:emoji'><white>","man_biking":"<font:'twemoji:emoji'><white>","man_bouncing_ball":"<font:'twemoji:emoji'><white>","man_bowing":"<font:'twemoji:emoji'><white>","man_cartwheeling":"<font:'twemoji:emoji'><white>","man_climbing":"<font:'twemoji:emoji'><white>","man_construction_worker":"<font:'twemoji:emoji'><white>","man_cook":"<font:'twemoji:emoji'><white>","man_curly_haired":"<font:'twemoji:emoji'><white>","man_dancing":"<font:'twemoji:emoji'><white>","man_detective":"<font:'twemoji:emoji'><white>","man_elf":"<font:'twemoji:emoji'><white>","man_facepalming":"<font:'twemoji:emoji'><white>","man_factory_worker":"<font:'twemoji:emoji'><white>","man_fairy":"<font:'twemoji:emoji'><white>","man_farmer":"<font:'twemoji:emoji'><white>","man_firefighter":"<font:'twemoji:emoji'><white>","man_frowning":"<font:'twemoji:emoji'><white>","man_genie":"<font:'twemoji:emoji'><white>","man_gesturing_no":"<font:'twemoji:emoji'><white>","man_gesturing_ok":"<font:'twemoji:emoji'><white>","man_getting_face_massage":"<font:'twemoji:emoji'><white>","man_getting_haircut":"<font:'twemoji:emoji'><white>","man_golfing":"<font:'twemoji:emoji'><white>","man_guard":"<font:'twemoji:emoji'><white>","man_health_worker":"<font:'twemoji:emoji'><white>","man_in_lotus_position":"<font:'twemoji:emoji'><white>","man_in_manual_wheelchair":"<font:'twemoji:emoji'><white>","man_in_motorized_wheelchair":"<font:'twemoji:emoji'><white>","man_in_steamy_room":"<font:'twemoji:emoji'><white>","man_in_tuxedo":"<font:'twemoji:emoji'><white>","man_judge":"<font:'twemoji:emoji'><white>","man_juggling":"<font:'twemoji:emoji'><white>","man_kneeling":"<font:'twemoji:emoji'><white>","man_lifting_weights":"<font:'twemoji:emoji'><white>","man_mage":"<font:'twemoji:emoji'><white>","man_mechanic":"<font:'twemoji:emoji'><white>","man_mountain_biking":"<font:'twemoji:emoji'><white>","man_office_worker":"<font:'twemoji:emoji'><white>","man_pilot":"<font:'twemoji:emoji'><white>","man_playing_handball":"<font:'twemoji:emoji'><white>","man_playing_water_polo":"<font:'twemoji:emoji'><white>","man_police_officer":"<font:'twemoji:emoji'><white>","man_pouting":"<font:'twemoji:emoji'><white>","man_raising_hand":"<font:'twemoji:emoji'><white>","man_red_haired":"<font:'twemoji:emoji'><white>","man_rowing_boat":"<font:'twemoji:emoji'><white>","man_running":"<font:'twemoji:emoji'><white>","man_scientist":"<font:'twemoji:emoji'><white>","man_shrugging":"<font:'twemoji:emoji'><white>","man_singer":"<font:'twemoji:emoji'><white>","man_standing":"<font:'twemoji:emoji'><white>","man_student":"<font:'twemoji:emoji'><white>","man_superhero":"<font:'twemoji:emoji'><white>","man_supervillain":"<font:'twemoji:emoji'><white>","man_surfing":"<font:'twemoji:emoji'><white>","man_swimming":"<font:'twemoji:emoji'><white>","man_teacher":"<font:'twemoji:emoji'><white>","man_technologist":"<font:'twemoji:emoji'><white>","man_tipping_hand":"<font:'twemoji:emoji'><white>","man_vampire":"<font:'twemoji:emoji'><white>","man_walking":"<font:'twemoji:emoji'><white>","man_wearing_turban":"<font:'twemoji:emoji'><white>","man_white_haired":"<font:'twemoji:emoji'><white>","man_with_chinese_cap":"<font:'twemoji:emoji'><white>","man_with_probing_cane":"<font:'twemoji:emoji'><white>","man_zombie":"<font:'twemoji:emoji'><white>","map":"<font:'twemoji:emoji'><white>","maple_leaf":"<font:'twemoji:emoji'><white>","martial_arts_uniform":"<font:'twemoji:emoji'><white>","mask":"<font:'twemoji:emoji'><white>","mate":"<font:'twemoji:emoji'><white>","meat_on_bone":"<font:'twemoji:emoji'><white>","mechanical_arm":"<font:'twemoji:emoji'><white>","mechanical_leg":"<font:'twemoji:emoji'><white>","medal":"<font:'twemoji:emoji'><white>","medical_symbol":"<font:'twemoji:emoji'><white>","mega":"<font:'twemoji:emoji'><white>","melon":"<font:'twemoji:emoji'><white>","menorah":"<font:'twemoji:emoji'><white>","mens":"<font:'twemoji:emoji'><white>","men_with_bunny_ears_partying":"<font:'twemoji:emoji'><white>","men_wrestling":"<font:'twemoji:emoji'><white>","mermaid":"<font:'twemoji:emoji'><white>","merman":"<font:'twemoji:emoji'><white>","merperson":"<font:'twemoji:emoji'><white>","metal":"<font:'twemoji:emoji'><white>","metro":"<font:'twemoji:emoji'><white>","microbe":"<font:'twemoji:emoji'><white>","microphone":"<font:'twemoji:emoji'><white>","microphone2":"<font:'twemoji:emoji'><white>","microscope":"<font:'twemoji:emoji'><white>","middle_finger":"<font:'twemoji:emoji'><white>","military_medal":"<font:'twemoji:emoji'><white>","milk":"<font:'twemoji:emoji'><white>","milky_way":"<font:'twemoji:emoji'><white>","minibus":"<font:'twemoji:emoji'><white>","minidisc":"<font:'twemoji:emoji'><white>","mobile_phone_off":"<font:'twemoji:emoji'><white>","moneybag":"<font:'twemoji:emoji'><white>","money_mouth":"<font:'twemoji:emoji'><white>","money_with_wings":"<font:'twemoji:emoji'><white>","monkey":"<font:'twemoji:emoji'><white>","monkey_face":"<font:'twemoji:emoji'><white>","monorail":"<font:'twemoji:emoji'><white>","moon_cake":"<font:'twemoji:emoji'><white>","mortar_board":"<font:'twemoji:emoji'><white>","mosque":"<font:'twemoji:emoji'><white>","mosquito":"<font:'twemoji:emoji'><white>","motorboat":"<font:'twemoji:emoji'><white>","motorcycle":"<font:'twemoji:emoji'><white>","motorized_wheelchair":"<font:'twemoji:emoji'><white>","motorway":"<font:'twemoji:emoji'><white>","motor_scooter":"<font:'twemoji:emoji'><white>","mountain":"<font:'twemoji:emoji'><white>","mountain_cableway":"<font:'twemoji:emoji'><white>","mountain_railway":"<font:'twemoji:emoji'><white>","mountain_snow":"<font:'twemoji:emoji'><white>","mount_fuji":"<font:'twemoji:emoji'><white>","mouse":"<font:'twemoji:emoji'><white>","mouse2":"<font:'twemoji:emoji'><white>","mouse_three_button":"<font:'twemoji:emoji'><white>","movie_camera":"<font:'twemoji:emoji'><white>","moyai":"<font:'twemoji:emoji'><white>","mrs_claus":"<font:'twemoji:emoji'><white>","muscle":"<font:'twemoji:emoji'><white>","mushroom":"<font:'twemoji:emoji'><white>","musical_keyboard":"<font:'twemoji:emoji'><white>","musical_note":"<font:'twemoji:emoji'><white>","musical_score":"<font:'twemoji:emoji'><white>","mute":"<font:'twemoji:emoji'><white>","nail_care":"<font:'twemoji:emoji'><white>","name_badge":"<font:'twemoji:emoji'><white>","nauseated_face":"<font:'twemoji:emoji'><white>","nazar_amulet":"<font:'twemoji:emoji'><white>","necktie":"<font:'twemoji:emoji'><white>","negative_squared_cross_mark":"<font:'twemoji:emoji'><white>","nerd":"<font:'twemoji:emoji'><white>","neutral_face":"<font:'twemoji:emoji'><white>","new":"<font:'twemoji:emoji'><white>","newspaper":"<font:'twemoji:emoji'><white>","newspaper2":"<font:'twemoji:emoji'><white>","new_moon":"<font:'twemoji:emoji'><white>","new_moon_with_face":"<font:'twemoji:emoji'><white>","ng":"<font:'twemoji:emoji'><white>","night_with_stars":"<font:'twemoji:emoji'><white>","nine":"<font:'twemoji:emoji'><white>","non_potable_water":"<font:'twemoji:emoji'><white>","nose":"<font:'twemoji:emoji'><white>","notebook":"<font:'twemoji:emoji'><white>","notebook_with_decorative_cover":"<font:'twemoji:emoji'><white>","notepad_spiral":"<font:'twemoji:emoji'><white>","notes":"<font:'twemoji:emoji'><white>","no_bell":"<font:'twemoji:emoji'><white>","no_bicycles":"<font:'twemoji:emoji'><white>","no_entry":"<font:'twemoji:emoji'><white>","no_entry_sign":"<font:'twemoji:emoji'><white>","no_mobile_phones":"<font:'twemoji:emoji'><white>","no_mouth":"<font:'twemoji:emoji'><white>","no_pedestrians":"<font:'twemoji:emoji'><white>","no_smoking":"<font:'twemoji:emoji'><white>","nut_and_bolt":"<font:'twemoji:emoji'><white>","o":"<font:'twemoji:emoji'><white>","o2":"<font:'twemoji:emoji'><white>","ocean":"<font:'twemoji:emoji'><white>","octagonal_sign":"<font:'twemoji:emoji'><white>","octopus":"<font:'twemoji:emoji'><white>","oden":"<font:'twemoji:emoji'><white>","office":"<font:'twemoji:emoji'><white>","oil":"<font:'twemoji:emoji'><white>","ok":"<font:'twemoji:emoji'><white>","ok_hand":"<font:'twemoji:emoji'><white>","older_adult":"<font:'twemoji:emoji'><white>","older_man":"<font:'twemoji:emoji'><white>","older_woman":"<font:'twemoji:emoji'><white>","om_symbol":"<font:'twemoji:emoji'><white>","on":"<font:'twemoji:emoji'><white>","oncoming_automobile":"<font:'twemoji:emoji'><white>","oncoming_bus":"<font:'twemoji:emoji'><white>","oncoming_police_car":"<font:'twemoji:emoji'><white>","oncoming_taxi":"<font:'twemoji:emoji'><white>","one":"<font:'twemoji:emoji'><white>","one_piece_swimsuit":"<font:'twemoji:emoji'><white>","onion":"<font:'twemoji:emoji'><white>","open_file_folder":"<font:'twemoji:emoji'><white>","open_hands":"<font:'twemoji:emoji'><white>","open_mouth":"<font:'twemoji:emoji'><white>","ophiuchus":"<font:'twemoji:emoji'><white>","orange_book":"<font:'twemoji:emoji'><white>","orange_circle":"<font:'twemoji:emoji'><white>","orange_heart":"<font:'twemoji:emoji'><white>","orange_square":"<font:'twemoji:emoji'><white>","orangutan":"<font:'twemoji:emoji'><white>","orthodox_cross":"<font:'twemoji:emoji'><white>","otter":"<font:'twemoji:emoji'><white>","outbox_tray":"<font:'twemoji:emoji'><white>","owl":"<font:'twemoji:emoji'><white>","ox":"<font:'twemoji:emoji'><white>","oyster":"<font:'twemoji:emoji'><white>","package":"<font:'twemoji:emoji'><white>","pager":"<font:'twemoji:emoji'><white>","page_facing_up":"<font:'twemoji:emoji'><white>","page_with_curl":"<font:'twemoji:emoji'><white>","paintbrush":"<font:'twemoji:emoji'><white>","palms_up_together":"<font:'twemoji:emoji'><white>","palm_tree":"<font:'twemoji:emoji'><white>","pancakes":"<font:'twemoji:emoji'><white>","panda_face":"<font:'twemoji:emoji'><white>","paperclip":"<font:'twemoji:emoji'><white>","paperclips":"<font:'twemoji:emoji'><white>","parachute":"<font:'twemoji:emoji'><white>","park":"<font:'twemoji:emoji'><white>","parking":"<font:'twemoji:emoji'><white>","parrot":"<font:'twemoji:emoji'><white>","partly_sunny":"<font:'twemoji:emoji'><white>","partying_face":"<font:'twemoji:emoji'><white>","part_alternation_mark":"<font:'twemoji:emoji'><white>","passport_control":"<font:'twemoji:emoji'><white>","pause_button":"<font:'twemoji:emoji'><white>","peace":"<font:'twemoji:emoji'><white>","peach":"<font:'twemoji:emoji'><white>","peacock":"<font:'twemoji:emoji'><white>","peanuts":"<font:'twemoji:emoji'><white>","pear":"<font:'twemoji:emoji'><white>","pencil":"<font:'twemoji:emoji'><white>","pencil2":"<font:'twemoji:emoji'><white>","penguin":"<font:'twemoji:emoji'><white>","pensive":"<font:'twemoji:emoji'><white>","pen_ballpoint":"<font:'twemoji:emoji'><white>","pen_fountain":"<font:'twemoji:emoji'><white>","people_holding_hands":"<font:'twemoji:emoji'><white>","people_with_bunny_ears_partying":"<font:'twemoji:emoji'><white>","people_wrestling":"<font:'twemoji:emoji'><white>","performing_arts":"<font:'twemoji:emoji'><white>","persevere":"<font:'twemoji:emoji'><white>","person_biking":"<font:'twemoji:emoji'><white>","person_bouncing_ball":"<font:'twemoji:emoji'><white>","person_bowing":"<font:'twemoji:emoji'><white>","person_climbing":"<font:'twemoji:emoji'><white>","person_doing_cartwheel":"<font:'twemoji:emoji'><white>","person_facepalming":"<font:'twemoji:emoji'><white>","person_fencing":"<font:'twemoji:emoji'><white>","person_frowning":"<font:'twemoji:emoji'><white>","person_gesturing_no":"<font:'twemoji:emoji'><white>","person_gesturing_ok":"<font:'twemoji:emoji'><white>","person_getting_haircut":"<font:'twemoji:emoji'><white>","person_getting_massage":"<font:'twemoji:emoji'><white>","person_golfing":"<font:'twemoji:emoji'><white>","person_in_lotus_position":"<font:'twemoji:emoji'><white>","person_in_steamy_room":"<font:'twemoji:emoji'><white>","person_juggling":"<font:'twemoji:emoji'><white>","person_kneeling":"<font:'twemoji:emoji'><white>","person_lifting_weights":"<font:'twemoji:emoji'><white>","person_mountain_biking":"<font:'twemoji:emoji'><white>","person_playing_handball":"<font:'twemoji:emoji'><white>","person_playing_water_polo":"<font:'twemoji:emoji'><white>","person_pouting":"<font:'twemoji:emoji'><white>","person_raising_hand":"<font:'twemoji:emoji'><white>","person_rowing_boat":"<font:'twemoji:emoji'><white>","person_running":"<font:'twemoji:emoji'><white>","person_shrugging":"<font:'twemoji:emoji'><white>","person_standing":"<font:'twemoji:emoji'><white>","person_surfing":"<font:'twemoji:emoji'><white>","person_swimming":"<font:'twemoji:emoji'><white>","person_tipping_hand":"<font:'twemoji:emoji'><white>","person_walking":"<font:'twemoji:emoji'><white>","person_wearing_turban":"<font:'twemoji:emoji'><white>","petri_dish":"<font:'twemoji:emoji'><white>","pick":"<font:'twemoji:emoji'><white>","pie":"<font:'twemoji:emoji'><white>","pig":"<font:'twemoji:emoji'><white>","pig2":"<font:'twemoji:emoji'><white>","pig_nose":"<font:'twemoji:emoji'><white>","pill":"<font:'twemoji:emoji'><white>","pinching_hand":"<font:'twemoji:emoji'><white>","pineapple":"<font:'twemoji:emoji'><white>","ping_pong":"<font:'twemoji:emoji'><white>","pirate_flag":"<font:'twemoji:emoji'><white>","pisces":"<font:'twemoji:emoji'><white>","pizza":"<font:'twemoji:emoji'><white>","place_of_worship":"<font:'twemoji:emoji'><white>","play_pause":"<font:'twemoji:emoji'><white>","pleading_face":"<font:'twemoji:emoji'><white>","point_down":"<font:'twemoji:emoji'><white>","point_left":"<font:'twemoji:emoji'><white>","point_right":"<font:'twemoji:emoji'><white>","point_up":"<font:'twemoji:emoji'><white>","point_up_2":"<font:'twemoji:emoji'><white>","police_car":"<font:'twemoji:emoji'><white>","police_officer":"<font:'twemoji:emoji'><white>","poodle":"<font:'twemoji:emoji'><white>","poop":"<font:'twemoji:emoji'><white>","popcorn":"<font:'twemoji:emoji'><white>","postal_horn":"<font:'twemoji:emoji'><white>","postbox":"<font:'twemoji:emoji'><white>","post_office":"<font:'twemoji:emoji'><white>","potable_water":"<font:'twemoji:emoji'><white>","potato":"<font:'twemoji:emoji'><white>","pouch":"<font:'twemoji:emoji'><white>","poultry_leg":"<font:'twemoji:emoji'><white>","pound":"<font:'twemoji:emoji'><white>","pouting_cat":"<font:'twemoji:emoji'><white>","pray":"<font:'twemoji:emoji'><white>","prayer_beads":"<font:'twemoji:emoji'><white>","pregnant_woman":"<font:'twemoji:emoji'><white>","pretzel":"<font:'twemoji:emoji'><white>","prince":"<font:'twemoji:emoji'><white>","princess":"<font:'twemoji:emoji'><white>","printer":"<font:'twemoji:emoji'><white>","probing_cane":"<font:'twemoji:emoji'><white>","projector":"<font:'twemoji:emoji'><white>","punch":"<font:'twemoji:emoji'><white>","purple_circle":"<font:'twemoji:emoji'><white>","purple_heart":"<font:'twemoji:emoji'><white>","purple_square":"<font:'twemoji:emoji'><white>","purse":"<font:'twemoji:emoji'><white>","pushpin":"<font:'twemoji:emoji'><white>","put_litter_in_its_place":"<font:'twemoji:emoji'><white>","question":"<font:'twemoji:emoji'><white>","rabbit":"<font:'twemoji:emoji'><white>","rabbit2":"<font:'twemoji:emoji'><white>","raccoon":"<font:'twemoji:emoji'><white>","racehorse":"<font:'twemoji:emoji'><white>","race_car":"<font:'twemoji:emoji'><white>","radio":"<font:'twemoji:emoji'><white>","radioactive":"<font:'twemoji:emoji'><white>","radio_button":"<font:'twemoji:emoji'><white>","rage":"<font:'twemoji:emoji'><white>","railway_car":"<font:'twemoji:emoji'><white>","railway_track":"<font:'twemoji:emoji'><white>","rainbow":"<font:'twemoji:emoji'><white>","rainbow_flag":"<font:'twemoji:emoji'><white>","raised_back_of_hand":"<font:'twemoji:emoji'><white>","raised_hand":"<font:'twemoji:emoji'><white>","raised_hands":"<font:'twemoji:emoji'><white>","ram":"<font:'twemoji:emoji'><white>","ramen":"<font:'twemoji:emoji'><white>","rat":"<font:'twemoji:emoji'><white>","razor":"<font:'twemoji:emoji'><white>","receipt":"<font:'twemoji:emoji'><white>","record_button":"<font:'twemoji:emoji'><white>","recycle":"<font:'twemoji:emoji'><white>","red_car":"<font:'twemoji:emoji'><white>","red_circle":"<font:'twemoji:emoji'><white>","red_envelope":"<font:'twemoji:emoji'><white>","red_square":"<font:'twemoji:emoji'><white>","relaxed":"<font:'twemoji:emoji'><white>","relieved":"<font:'twemoji:emoji'><white>","reminder_ribbon":"<font:'twemoji:emoji'><white>","repeat":"<font:'twemoji:emoji'><white>","repeat_one":"<font:'twemoji:emoji'><white>","restroom":"<font:'twemoji:emoji'><white>","revolving_hearts":"<font:'twemoji:emoji'><white>","rewind":"<font:'twemoji:emoji'><white>","rhino":"<font:'twemoji:emoji'><white>","ribbon":"<font:'twemoji:emoji'><white>","rice":"<font:'twemoji:emoji'><white>","rice_ball":"<font:'twemoji:emoji'><white>","rice_cracker":"<font:'twemoji:emoji'><white>","rice_scene":"<font:'twemoji:emoji'><white>","right_facing_fist":"<font:'twemoji:emoji'><white>","ring":"<font:'twemoji:emoji'><white>","ringed_planet":"<font:'twemoji:emoji'><white>","robot":"<font:'twemoji:emoji'><white>","rocket":"<font:'twemoji:emoji'><white>","rofl":"<font:'twemoji:emoji'><white>","roller_coaster":"<font:'twemoji:emoji'><white>","rolling_eyes":"<font:'twemoji:emoji'><white>","roll_of_paper":"<font:'twemoji:emoji'><white>","rooster":"<font:'twemoji:emoji'><white>","rose":"<font:'twemoji:emoji'><white>","rosette":"<font:'twemoji:emoji'><white>","rotating_light":"<font:'twemoji:emoji'><white>","round_pushpin":"<font:'twemoji:emoji'><white>","rugby_football":"<font:'twemoji:emoji'><white>","running_shirt_with_sash":"<font:'twemoji:emoji'><white>","sa":"<font:'twemoji:emoji'><white>","safety_pin":"<font:'twemoji:emoji'><white>","safety_vest":"<font:'twemoji:emoji'><white>","sagittarius":"<font:'twemoji:emoji'><white>","sailboat":"<font:'twemoji:emoji'><white>","sake":"<font:'twemoji:emoji'><white>","salad":"<font:'twemoji:emoji'><white>","salt":"<font:'twemoji:emoji'><white>","sandal":"<font:'twemoji:emoji'><white>","sandwich":"<font:'twemoji:emoji'><white>","santa":"<font:'twemoji:emoji'><white>","sari":"<font:'twemoji:emoji'><white>","satellite":"<font:'twemoji:emoji'><white>","satellite_orbital":"<font:'twemoji:emoji'><white>","sauropod":"<font:'twemoji:emoji'><white>","saxophone":"<font:'twemoji:emoji'><white>","scales":"<font:'twemoji:emoji'><white>","scarf":"<font:'twemoji:emoji'><white>","school":"<font:'twemoji:emoji'><white>","school_satchel":"<font:'twemoji:emoji'><white>","scissors":"<font:'twemoji:emoji'><white>","scooter":"<font:'twemoji:emoji'><white>","scorpion":"<font:'twemoji:emoji'><white>","scorpius":"<font:'twemoji:emoji'><white>","scotland":"<font:'twemoji:emoji'><white>","scream":"<font:'twemoji:emoji'><white>","scream_cat":"<font:'twemoji:emoji'><white>","scroll":"<font:'twemoji:emoji'><white>","seat":"<font:'twemoji:emoji'><white>","second_place":"<font:'twemoji:emoji'><white>","secret":"<font:'twemoji:emoji'><white>","seedling":"<font:'twemoji:emoji'><white>","see_no_evil":"<font:'twemoji:emoji'><white>","selfie":"<font:'twemoji:emoji'><white>","service_dog":"<font:'twemoji:emoji'><white>","seven":"<font:'twemoji:emoji'><white>","shallow_pan_of_food":"<font:'twemoji:emoji'><white>","shamrock":"<font:'twemoji:emoji'><white>","shark":"<font:'twemoji:emoji'><white>","shaved_ice":"<font:'twemoji:emoji'><white>","sheep":"<font:'twemoji:emoji'><white>","shell":"<font:'twemoji:emoji'><white>","shield":"<font:'twemoji:emoji'><white>","shinto_shrine":"<font:'twemoji:emoji'><white>","ship":"<font:'twemoji:emoji'><white>","shirt":"<font:'twemoji:emoji'><white>","shopping_bags":"<font:'twemoji:emoji'><white>","shopping_cart":"<font:'twemoji:emoji'><white>","shorts":"<font:'twemoji:emoji'><white>","shower":"<font:'twemoji:emoji'><white>","shrimp":"<font:'twemoji:emoji'><white>","shushing_face":"<font:'twemoji:emoji'><white>","signal_strength":"<font:'twemoji:emoji'><white>","six":"<font:'twemoji:emoji'><white>","six_pointed_star":"<font:'twemoji:emoji'><white>","skateboard":"<font:'twemoji:emoji'><white>","ski":"<font:'twemoji:emoji'><white>","skier":"<font:'twemoji:emoji'><white>","skull":"<font:'twemoji:emoji'><white>","skull_crossbones":"<font:'twemoji:emoji'><white>","skunk":"<font:'twemoji:emoji'><white>","sled":"<font:'twemoji:emoji'><white>","sleeping":"<font:'twemoji:emoji'><white>","sleeping_accommodation":"<font:'twemoji:emoji'><white>","sleepy":"<font:'twemoji:emoji'><white>","slight_frown":"<font:'twemoji:emoji'><white>","slight_smile":"<font:'twemoji:emoji'><white>","sloth":"<font:'twemoji:emoji'><white>","slot_machine":"<font:'twemoji:emoji'><white>","small_blue_diamond":"<font:'twemoji:emoji'><white>","small_orange_diamond":"<font:'twemoji:emoji'><white>","small_red_triangle":"<font:'twemoji:emoji'><white>","small_red_triangle_down":"<font:'twemoji:emoji'><white>","smile":"<font:'twemoji:emoji'><white>","smiley":"<font:'twemoji:emoji'><white>","smiley_cat":"<font:'twemoji:emoji'><white>","smile_cat":"<font:'twemoji:emoji'><white>","smiling_face_with_3_hearts":"<font:'twemoji:emoji'><white>","smiling_imp":"<font:'twemoji:emoji'><white>","smirk":"<font:'twemoji:emoji'><white>","smirk_cat":"<font:'twemoji:emoji'><white>","smoking":"<font:'twemoji:emoji'><white>","snail":"<font:'twemoji:emoji'><white>","snake":"<font:'twemoji:emoji'><white>","sneezing_face":"<font:'twemoji:emoji'><white>","snowboarder":"<font:'twemoji:emoji'><white>","snowflake":"<font:'twemoji:emoji'><white>","snowman":"<font:'twemoji:emoji'><white>","snowman2":"<font:'twemoji:emoji'><white>","soap":"<font:'twemoji:emoji'><white>","sob":"<font:'twemoji:emoji'><white>","soccer":"<font:'twemoji:emoji'><white>","socks":"<font:'twemoji:emoji'><white>","softball":"<font:'twemoji:emoji'><white>","soon":"<font:'twemoji:emoji'><white>","sos":"<font:'twemoji:emoji'><white>","sound":"<font:'twemoji:emoji'><white>","space_invader":"<font:'twemoji:emoji'><white>","spades":"<font:'twemoji:emoji'><white>","spaghetti":"<font:'twemoji:emoji'><white>","sparkle":"<font:'twemoji:emoji'><white>","sparkler":"<font:'twemoji:emoji'><white>","sparkles":"<font:'twemoji:emoji'><white>","sparkling_heart":"<font:'twemoji:emoji'><white>","speaker":"<font:'twemoji:emoji'><white>","speaking_head":"<font:'twemoji:emoji'><white>","speak_no_evil":"<font:'twemoji:emoji'><white>","speech_balloon":"<font:'twemoji:emoji'><white>","speech_left":"<font:'twemoji:emoji'><white>","speedboat":"<font:'twemoji:emoji'><white>","spider":"<font:'twemoji:emoji'><white>","spider_web":"<font:'twemoji:emoji'><white>","sponge":"<font:'twemoji:emoji'><white>","spoon":"<font:'twemoji:emoji'><white>","squeeze_bottle":"<font:'twemoji:emoji'><white>","squid":"<font:'twemoji:emoji'><white>","stadium":"<font:'twemoji:emoji'><white>","star":"<font:'twemoji:emoji'><white>","star2":"<font:'twemoji:emoji'><white>","stars":"<font:'twemoji:emoji'><white>","star_and_crescent":"<font:'twemoji:emoji'><white>","star_of_david":"<font:'twemoji:emoji'><white>","star_struck":"<font:'twemoji:emoji'><white>","station":"<font:'twemoji:emoji'><white>","statue_of_liberty":"<font:'twemoji:emoji'><white>","steam_locomotive":"<font:'twemoji:emoji'><white>","stethoscope":"<font:'twemoji:emoji'><white>","stew":"<font:'twemoji:emoji'><white>","stopwatch":"<font:'twemoji:emoji'><white>","stop_button":"<font:'twemoji:emoji'><white>","straight_ruler":"<font:'twemoji:emoji'><white>","strawberry":"<font:'twemoji:emoji'><white>","stuck_out_tongue":"<font:'twemoji:emoji'><white>","stuck_out_tongue_closed_eyes":"<font:'twemoji:emoji'><white>","stuck_out_tongue_winking_eye":"<font:'twemoji:emoji'><white>","stuffed_flatbread":"<font:'twemoji:emoji'><white>","sunflower":"<font:'twemoji:emoji'><white>","sunglasses":"<font:'twemoji:emoji'><white>","sunny":"<font:'twemoji:emoji'><white>","sunrise":"<font:'twemoji:emoji'><white>","sunrise_over_mountains":"<font:'twemoji:emoji'><white>","sun_with_face":"<font:'twemoji:emoji'><white>","superhero":"<font:'twemoji:emoji'><white>","supervillain":"<font:'twemoji:emoji'><white>","sushi":"<font:'twemoji:emoji'><white>","suspension_railway":"<font:'twemoji:emoji'><white>","swan":"<font:'twemoji:emoji'><white>","sweat":"<font:'twemoji:emoji'><white>","sweat_drops":"<font:'twemoji:emoji'><white>","sweat_smile":"<font:'twemoji:emoji'><white>","sweet_potato":"<font:'twemoji:emoji'><white>","symbols":"<font:'twemoji:emoji'><white>","synagogue":"<font:'twemoji:emoji'><white>","syringe":"<font:'twemoji:emoji'><white>","taco":"<font:'twemoji:emoji'><white>","tada":"<font:'twemoji:emoji'><white>","takeout_box":"<font:'twemoji:emoji'><white>","tanabata_tree":"<font:'twemoji:emoji'><white>","tangerine":"<font:'twemoji:emoji'><white>","taurus":"<font:'twemoji:emoji'><white>","taxi":"<font:'twemoji:emoji'><white>","tea":"<font:'twemoji:emoji'><white>","teddy_bear":"<font:'twemoji:emoji'><white>","telephone":"<font:'twemoji:emoji'><white>","telephone_receiver":"<font:'twemoji:emoji'><white>","telescope":"<font:'twemoji:emoji'><white>","tennis":"<font:'twemoji:emoji'><white>","tent":"<font:'twemoji:emoji'><white>","test_tube":"<font:'twemoji:emoji'><white>","thermometer":"<font:'twemoji:emoji'><white>","thermometer_face":"<font:'twemoji:emoji'><white>","thinking":"<font:'twemoji:emoji'><white>","third_place":"<font:'twemoji:emoji'><white>","thought_balloon":"<font:'twemoji:emoji'><white>","thread":"<font:'twemoji:emoji'><white>","three":"<font:'twemoji:emoji'><white>","thumbsdown":"<font:'twemoji:emoji'><white>","thumbsup":"<font:'twemoji:emoji'><white>","thunder_cloud_rain":"<font:'twemoji:emoji'><white>","ticket":"<font:'twemoji:emoji'><white>","tickets":"<font:'twemoji:emoji'><white>","tiger":"<font:'twemoji:emoji'><white>","tiger2":"<font:'twemoji:emoji'><white>","timer":"<font:'twemoji:emoji'><white>","tired_face":"<font:'twemoji:emoji'><white>","toilet":"<font:'twemoji:emoji'><white>","tokyo_tower":"<font:'twemoji:emoji'><white>","tomato":"<font:'twemoji:emoji'><white>","tongue":"<font:'twemoji:emoji'><white>","toolbox":"<font:'twemoji:emoji'><white>","tools":"<font:'twemoji:emoji'><white>","tooth":"<font:'twemoji:emoji'><white>","top":"<font:'twemoji:emoji'><white>","tophat":"<font:'twemoji:emoji'><white>","trackball":"<font:'twemoji:emoji'><white>","track_next":"<font:'twemoji:emoji'><white>","track_previous":"<font:'twemoji:emoji'><white>","tractor":"<font:'twemoji:emoji'><white>","traffic_light":"<font:'twemoji:emoji'><white>","train":"<font:'twemoji:emoji'><white>","train2":"<font:'twemoji:emoji'><white>","tram":"<font:'twemoji:emoji'><white>","triangular_flag_on_post":"<font:'twemoji:emoji'><white>","triangular_ruler":"<font:'twemoji:emoji'><white>","trident":"<font:'twemoji:emoji'><white>","triumph":"<font:'twemoji:emoji'><white>","trolleybus":"<font:'twemoji:emoji'><white>","trophy":"<font:'twemoji:emoji'><white>","tropical_drink":"<font:'twemoji:emoji'><white>","tropical_fish":"<font:'twemoji:emoji'><white>","truck":"<font:'twemoji:emoji'><white>","trumpet":"<font:'twemoji:emoji'><white>","tulip":"<font:'twemoji:emoji'><white>","tumbler_glass":"<font:'twemoji:emoji'><white>","turkey":"<font:'twemoji:emoji'><white>","turtle":"<font:'twemoji:emoji'><white>","tv":"<font:'twemoji:emoji'><white>","twisted_rightwards_arrows":"<font:'twemoji:emoji'><white>","two":"<font:'twemoji:emoji'><white>","two_hearts":"<font:'twemoji:emoji'><white>","two_men_holding_hands":"<font:'twemoji:emoji'><white>","two_women_holding_hands":"<font:'twemoji:emoji'><white>","t_rex":"<font:'twemoji:emoji'><white>","u5272":"<font:'twemoji:emoji'><white>","u5408":"<font:'twemoji:emoji'><white>","u55b6":"<font:'twemoji:emoji'><white>","u6307":"<font:'twemoji:emoji'><white>","u6708":"<font:'twemoji:emoji'><white>","u6709":"<font:'twemoji:emoji'><white>","u6e80":"<font:'twemoji:emoji'><white>","u7121":"<font:'twemoji:emoji'><white>","u7533":"<font:'twemoji:emoji'><white>","u7981":"<font:'twemoji:emoji'><white>","u7a7a":"<font:'twemoji:emoji'><white>","umbrella":"<font:'twemoji:emoji'><white>","umbrella2":"<font:'twemoji:emoji'><white>","unamused":"<font:'twemoji:emoji'><white>","underage":"<font:'twemoji:emoji'><white>","unicorn":"<font:'twemoji:emoji'><white>","united_nations":"<font:'twemoji:emoji'><white>","unlock":"<font:'twemoji:emoji'><white>","up":"<font:'twemoji:emoji'><white>","upside_down":"<font:'twemoji:emoji'><white>","urn":"<font:'twemoji:emoji'><white>","v":"<font:'twemoji:emoji'><white>","vampire":"<font:'twemoji:emoji'><white>","vertical_traffic_light":"<font:'twemoji:emoji'><white>","vhs":"<font:'twemoji:emoji'><white>","vibration_mode":"<font:'twemoji:emoji'><white>","video_camera":"<font:'twemoji:emoji'><white>","video_game":"<font:'twemoji:emoji'><white>","violin":"<font:'twemoji:emoji'><white>","virgo":"<font:'twemoji:emoji'><white>","volcano":"<font:'twemoji:emoji'><white>","volleyball":"<font:'twemoji:emoji'><white>","vs":"<font:'twemoji:emoji'><white>","vulcan":"<font:'twemoji:emoji'><white>","waffle":"<font:'twemoji:emoji'><white>","wales":"<font:'twemoji:emoji'><white>","waning_crescent_moon":"<font:'twemoji:emoji'><white>","waning_gibbous_moon":"<font:'twemoji:emoji'><white>","warning":"<font:'twemoji:emoji'><white>","wastebasket":"<font:'twemoji:emoji'><white>","watch":"<font:'twemoji:emoji'><white>","watermelon":"<font:'twemoji:emoji'><white>","water_buffalo":"<font:'twemoji:emoji'><white>","wave":"<font:'twemoji:emoji'><white>","wavy_dash":"<font:'twemoji:emoji'><white>","waxing_crescent_moon":"<font:'twemoji:emoji'><white>","waxing_gibbous_moon":"<font:'twemoji:emoji'><white>","wc":"<font:'twemoji:emoji'><white>","weary":"<font:'twemoji:emoji'><white>","wedding":"<font:'twemoji:emoji'><white>","whale":"<font:'twemoji:emoji'><white>","whale2":"<font:'twemoji:emoji'><white>","wheelchair":"<font:'twemoji:emoji'><white>","wheel_of_dharma":"<font:'twemoji:emoji'><white>","white_check_mark":"<font:'twemoji:emoji'><white>","white_circle":"<font:'twemoji:emoji'><white>","white_flower":"<font:'twemoji:emoji'><white>","white_heart":"<font:'twemoji:emoji'><white>","white_large_square":"<font:'twemoji:emoji'><white>","white_medium_small_square":"<font:'twemoji:emoji'><white>","white_medium_square":"<font:'twemoji:emoji'><white>","white_small_square":"<font:'twemoji:emoji'><white>","white_square_button":"<font:'twemoji:emoji'><white>","white_sun_cloud":"<font:'twemoji:emoji'><white>","white_sun_rain_cloud":"<font:'twemoji:emoji'><white>","white_sun_small_cloud":"<font:'twemoji:emoji'><white>","wilted_rose":"<font:'twemoji:emoji'><white>","wind_blowing_face":"<font:'twemoji:emoji'><white>","wind_chime":"<font:'twemoji:emoji'><white>","wine_glass":"<font:'twemoji:emoji'><white>","wink":"<font:'twemoji:emoji'><white>","wolf":"<font:'twemoji:emoji'><white>","woman":"<font:'twemoji:emoji'><white>","womans_clothes":"<font:'twemoji:emoji'><white>","womans_flat_shoe":"<font:'twemoji:emoji'><white>","womans_hat":"<font:'twemoji:emoji'><white>","woman_artist":"<font:'twemoji:emoji'><white>","woman_astronaut":"<font:'twemoji:emoji'><white>","woman_bald":"<font:'twemoji:emoji'><white>","woman_biking":"<font:'twemoji:emoji'><white>","woman_bouncing_ball":"<font:'twemoji:emoji'><white>","woman_bowing":"<font:'twemoji:emoji'><white>","woman_cartwheeling":"<font:'twemoji:emoji'><white>","woman_climbing":"<font:'twemoji:emoji'><white>","woman_construction_worker":"<font:'twemoji:emoji'><white>","woman_cook":"<font:'twemoji:emoji'><white>","woman_curly_haired":"<font:'twemoji:emoji'><white>","woman_detective":"<font:'twemoji:emoji'><white>","woman_elf":"<font:'twemoji:emoji'><white>","woman_facepalming":"<font:'twemoji:emoji'><white>","woman_factory_worker":"<font:'twemoji:emoji'><white>","woman_fairy":"<font:'twemoji:emoji'><white>","woman_farmer":"<font:'twemoji:emoji'><white>","woman_firefighter":"<font:'twemoji:emoji'><white>","woman_frowning":"<font:'twemoji:emoji'><white>","woman_genie":"<font:'twemoji:emoji'><white>","woman_gesturing_no":"<font:'twemoji:emoji'><white>","woman_gesturing_ok":"<font:'twemoji:emoji'><white>","woman_getting_face_massage":"<font:'twemoji:emoji'><white>","woman_getting_haircut":"<font:'twemoji:emoji'><white>","woman_golfing":"<font:'twemoji:emoji'><white>","woman_guard":"<font:'twemoji:emoji'><white>","woman_health_worker":"<font:'twemoji:emoji'><white>","woman_in_lotus_position":"<font:'twemoji:emoji'><white>","woman_in_manual_wheelchair":"<font:'twemoji:emoji'><white>","woman_in_motorized_wheelchair":"<font:'twemoji:emoji'><white>","woman_in_steamy_room":"<font:'twemoji:emoji'><white>","woman_judge":"<font:'twemoji:emoji'><white>","woman_juggling":"<font:'twemoji:emoji'><white>","woman_kneeling":"<font:'twemoji:emoji'><white>","woman_lifting_weights":"<font:'twemoji:emoji'><white>","woman_mage":"<font:'twemoji:emoji'><white>","woman_mechanic":"<font:'twemoji:emoji'><white>","woman_mountain_biking":"<font:'twemoji:emoji'><white>","woman_office_worker":"<font:'twemoji:emoji'><white>","woman_pilot":"<font:'twemoji:emoji'><white>","woman_playing_handball":"<font:'twemoji:emoji'><white>","woman_playing_water_polo":"<font:'twemoji:emoji'><white>","woman_police_officer":"<font:'twemoji:emoji'><white>","woman_pouting":"<font:'twemoji:emoji'><white>","woman_raising_hand":"<font:'twemoji:emoji'><white>","woman_red_haired":"<font:'twemoji:emoji'><white>","woman_rowing_boat":"<font:'twemoji:emoji'><white>","woman_running":"<font:'twemoji:emoji'><white>","woman_scientist":"<font:'twemoji:emoji'><white>","woman_shrugging":"<font:'twemoji:emoji'><white>","woman_singer":"<font:'twemoji:emoji'><white>","woman_standing":"<font:'twemoji:emoji'><white>","woman_student":"<font:'twemoji:emoji'><white>","woman_superhero":"<font:'twemoji:emoji'><white>","woman_supervillain":"<font:'twemoji:emoji'><white>","woman_surfing":"<font:'twemoji:emoji'><white>","woman_swimming":"<font:'twemoji:emoji'><white>","woman_teacher":"<font:'twemoji:emoji'><white>","woman_technologist":"<font:'twemoji:emoji'><white>","woman_tipping_hand":"<font:'twemoji:emoji'><white>","woman_vampire":"<font:'twemoji:emoji'><white>","woman_walking":"<font:'twemoji:emoji'><white>","woman_wearing_turban":"<font:'twemoji:emoji'><white>","woman_white_haired":"<font:'twemoji:emoji'><white>","woman_with_headscarf":"<font:'twemoji:emoji'><white>","woman_with_probing_cane":"<font:'twemoji:emoji'><white>","woman_zombie":"<font:'twemoji:emoji'><white>","womens":"<font:'twemoji:emoji'><white>","women_with_bunny_ears_partying":"<font:'twemoji:emoji'><white>","women_wrestling":"<font:'twemoji:emoji'><white>","woozy_face":"<font:'twemoji:emoji'><white>","worried":"<font:'twemoji:emoji'><white>","wrench":"<font:'twemoji:emoji'><white>","writing_hand":"<font:'twemoji:emoji'><white>","x":"<font:'twemoji:emoji'><white>","yarn":"<font:'twemoji:emoji'><white>","yawning_face":"<font:'twemoji:emoji'><white>","yellow_circle":"<font:'twemoji:emoji'><white>","yellow_heart":"<font:'twemoji:emoji'><white>","yellow_square":"<font:'twemoji:emoji'><white>","yen":"<font:'twemoji:emoji'><white>","yin_yang":"<font:'twemoji:emoji'><white>","yo_yo":"<font:'twemoji:emoji'><white>","yum":"<font:'twemoji:emoji'><white>","zany_face":"<font:'twemoji:emoji'><white>","zap":"<font:'twemoji:emoji'><white>","zebra":"<font:'twemoji:emoji'><white>","zero":"<font:'twemoji:emoji'><white>","zipper_mouth":"<font:'twemoji:emoji'><white>","zombie":"<font:'twemoji:emoji'><white>","zzz":"<font:'twemoji:emoji'><white>"}