{"bi_heart":"","trans_heart":"","pan_heart":"","vincian_heart":"","neurodiversity_heart":"","genderfluid_heart":"","aroace_heart":"","yeefuckinghaw":"","demi_heart":"","agender_heart":"","queer_heart":"","genderflux_heart":"","ace_heart":"","winner":"","blob_waaaaa":"","ohno":"","queer_prog_heart":"","nb_heart":"","uh":"","lesbian_heart":"","intersex_heart":"","furry_pride":"","plural_heart":"","aro_heart":"","genderqueer_heart":""}