{"providers":[{"type":"bitmap","file":"tinkerer:emoji/ace_heart.png","height":9,"ascent":8,"chars":[""]},{"type":"bitmap","file":"tinkerer:emoji/admiration.png","height":9,"ascent":8,"chars":[""]},{"type":"bitmap","file":"tinkerer:emoji/adoration.png","height":9,"ascent":8,"chars":[""]},{"type":"bitmap","file":"tinkerer:emoji/agender_heart.png","height":9,"ascent":8,"chars":[""]},{"type":"bitmap","file":"tinkerer:emoji/agonized.png","height":9,"ascent":8,"chars":[""]},{"type":"bitmap","file":"tinkerer:emoji/aroace_heart.png","height":9,"ascent":8,"chars":[""]},{"type":"bitmap","file":"tinkerer:emoji/aro_heart.png","height":9,"ascent":8,"chars":[""]},{"type":"bitmap","file":"tinkerer:emoji/bi_heart.png","height":9,"ascent":8,"chars":[""]},{"type":"bitmap","file":"tinkerer:emoji/blob.png","height":9,"ascent":8,"chars":[""]},{"type":"bitmap","file":"tinkerer:emoji/blob_waaaaa.png","height":9,"ascent":8,"chars":[""]},{"type":"bitmap","file":"tinkerer:emoji/blushing.png","height":9,"ascent":8,"chars":[""]},{"type":"bitmap","file":"tinkerer:emoji/cat_face.png","height":9,"ascent":8,"chars":[""]},{"type":"bitmap","file":"tinkerer:emoji/chopper.png","height":9,"ascent":8,"chars":[""]},{"type":"bitmap","file":"tinkerer:emoji/coffee_gift.png","height":9,"ascent":8,"chars":[""]},{"type":"bitmap","file":"tinkerer:emoji/crying.png","height":9,"ascent":8,"chars":[""]},{"type":"bitmap","file":"tinkerer:emoji/demi_heart.png","height":9,"ascent":8,"chars":[""]},{"type":"bitmap","file":"tinkerer:emoji/devil.png","height":9,"ascent":8,"chars":[""]},{"type":"bitmap","file":"tinkerer:emoji/disbelief.png","height":9,"ascent":8,"chars":[""]},{"type":"bitmap","file":"tinkerer:emoji/disgust.png","height":9,"ascent":8,"chars":[""]},{"type":"bitmap","file":"tinkerer:emoji/embarrassed.png","height":9,"ascent":8,"chars":[""]},{"type":"bitmap","file":"tinkerer:emoji/excited.png","height":9,"ascent":8,"chars":[""]},{"type":"bitmap","file":"tinkerer:emoji/femboy_heart.png","height":9,"ascent":8,"chars":[""]},{"type":"bitmap","file":"tinkerer:emoji/flattered.png","height":9,"ascent":8,"chars":[""]},{"type":"bitmap","file":"tinkerer:emoji/flower_gift.png","height":9,"ascent":8,"chars":[""]},{"type":"bitmap","file":"tinkerer:emoji/flustered.png","height":9,"ascent":8,"chars":[""]},{"type":"bitmap","file":"tinkerer:emoji/fuming.png","height":9,"ascent":8,"chars":[""]},{"type":"bitmap","file":"tinkerer:emoji/furry_pride.png","height":9,"ascent":8,"chars":[""]},{"type":"bitmap","file":"tinkerer:emoji/gasp.png","height":9,"ascent":8,"chars":[""]},{"type":"bitmap","file":"tinkerer:emoji/genderfluid_heart.png","height":9,"ascent":8,"chars":[""]},{"type":"bitmap","file":"tinkerer:emoji/genderflux_heart.png","height":9,"ascent":8,"chars":[""]},{"type":"bitmap","file":"tinkerer:emoji/genderqueer_heart.png","height":9,"ascent":8,"chars":[""]},{"type":"bitmap","file":"tinkerer:emoji/grabbing.png","height":9,"ascent":8,"chars":[""]},{"type":"bitmap","file":"tinkerer:emoji/grateful.png","height":9,"ascent":8,"chars":[""]},{"type":"bitmap","file":"tinkerer:emoji/happy_tears.png","height":9,"ascent":8,"chars":[""]},{"type":"bitmap","file":"tinkerer:emoji/hiding.png","height":9,"ascent":8,"chars":[""]},{"type":"bitmap","file":"tinkerer:emoji/intersex_heart.png","height":9,"ascent":8,"chars":[""]},{"type":"bitmap","file":"tinkerer:emoji/lesbian_heart.png","height":9,"ascent":8,"chars":[""]},{"type":"bitmap","file":"tinkerer:emoji/lgbtq.png","height":9,"ascent":8,"chars":[""]},{"type":"bitmap","file":"tinkerer:emoji/little_guy.png","height":9,"ascent":8,"chars":[""]},{"type":"bitmap","file":"tinkerer:emoji/looking_down.png","height":9,"ascent":8,"chars":[""]},{"type":"bitmap","file":"tinkerer:emoji/looking_up.png","height":9,"ascent":8,"chars":[""]},{"type":"bitmap","file":"tinkerer:emoji/lovely_face.png","height":9,"ascent":8,"chars":[""]},{"type":"bitmap","file":"tinkerer:emoji/lovely_hearts.png","height":9,"ascent":8,"chars":[""]},{"type":"bitmap","file":"tinkerer:emoji/melting.png","height":9,"ascent":8,"chars":[""]},{"type":"bitmap","file":"tinkerer:emoji/mischievous.png","height":9,"ascent":8,"chars":[""]},{"type":"bitmap","file":"tinkerer:emoji/misery.png","height":9,"ascent":8,"chars":[""]},{"type":"bitmap","file":"tinkerer:emoji/nb_heart.png","height":9,"ascent":8,"chars":[""]},{"type":"bitmap","file":"tinkerer:emoji/neurodiversity_heart.png","height":9,"ascent":8,"chars":[""]},{"type":"bitmap","file":"tinkerer:emoji/nice_angel.png","height":9,"ascent":8,"chars":[""]},{"type":"bitmap","file":"tinkerer:emoji/nice_clown.png","height":9,"ascent":8,"chars":[""]},{"type":"bitmap","file":"tinkerer:emoji/nice_dizzy.png","height":9,"ascent":8,"chars":[""]},{"type":"bitmap","file":"tinkerer:emoji/nice_kissing.png","height":9,"ascent":8,"chars":[""]},{"type":"bitmap","file":"tinkerer:emoji/nice_pensive.png","height":9,"ascent":8,"chars":[""]},{"type":"bitmap","file":"tinkerer:emoji/nice_worried.png","height":9,"ascent":8,"chars":[""]},{"type":"bitmap","file":"tinkerer:emoji/nuzzle.png","height":9,"ascent":8,"chars":[""]},{"type":"bitmap","file":"tinkerer:emoji/ohno.png","height":9,"ascent":8,"chars":[""]},{"type":"bitmap","file":"tinkerer:emoji/ouch.png","height":9,"ascent":8,"chars":[""]},{"type":"bitmap","file":"tinkerer:emoji/overwhelmed.png","height":9,"ascent":8,"chars":[""]},{"type":"bitmap","file":"tinkerer:emoji/pan_heart.png","height":9,"ascent":8,"chars":[""]},{"type":"bitmap","file":"tinkerer:emoji/pining.png","height":9,"ascent":8,"chars":[""]},{"type":"bitmap","file":"tinkerer:emoji/playful.png","height":9,"ascent":8,"chars":[""]},{"type":"bitmap","file":"tinkerer:emoji/pleading.png","height":9,"ascent":8,"chars":[""]},{"type":"bitmap","file":"tinkerer:emoji/plural_heart.png","height":9,"ascent":8,"chars":[""]},{"type":"bitmap","file":"tinkerer:emoji/queer_heart.png","height":9,"ascent":8,"chars":[""]},{"type":"bitmap","file":"tinkerer:emoji/queer_prog_heart.png","height":9,"ascent":8,"chars":[""]},{"type":"bitmap","file":"tinkerer:emoji/questioning.png","height":9,"ascent":8,"chars":[""]},{"type":"bitmap","file":"tinkerer:emoji/reprimand.png","height":9,"ascent":8,"chars":[""]},{"type":"bitmap","file":"tinkerer:emoji/shushing.png","height":9,"ascent":8,"chars":[""]},{"type":"bitmap","file":"tinkerer:emoji/shy.png","height":9,"ascent":8,"chars":[""]},{"type":"bitmap","file":"tinkerer:emoji/single_tear.png","height":9,"ascent":8,"chars":[""]},{"type":"bitmap","file":"tinkerer:emoji/squee.png","height":9,"ascent":8,"chars":[""]},{"type":"bitmap","file":"tinkerer:emoji/starry_eyed.png","height":9,"ascent":8,"chars":[""]},{"type":"bitmap","file":"tinkerer:emoji/tch.png","height":9,"ascent":8,"chars":[""]},{"type":"bitmap","file":"tinkerer:emoji/thankful.png","height":9,"ascent":8,"chars":[""]},{"type":"bitmap","file":"tinkerer:emoji/three_hearts.png","height":9,"ascent":8,"chars":[""]},{"type":"bitmap","file":"tinkerer:emoji/trans_heart.png","height":9,"ascent":8,"chars":[""]},{"type":"bitmap","file":"tinkerer:emoji/uh.png","height":9,"ascent":8,"chars":[""]},{"type":"bitmap","file":"tinkerer:emoji/vincian_heart.png","height":9,"ascent":8,"chars":[""]},{"type":"bitmap","file":"tinkerer:emoji/waah.png","height":9,"ascent":8,"chars":[""]},{"type":"bitmap","file":"tinkerer:emoji/weird_cat.png","height":9,"ascent":8,"chars":[""]},{"type":"bitmap","file":"tinkerer:emoji/wig.png","height":9,"ascent":8,"chars":[""]},{"type":"bitmap","file":"tinkerer:emoji/winner.png","height":9,"ascent":8,"chars":[""]},{"type":"bitmap","file":"tinkerer:emoji/yeefuckinghaw.png","height":9,"ascent":8,"chars":[""]}]}